exp_tag,epoch,train_iter_time,train_forward_time,train_loss_ctc,train_loss,train_backward_time,train_grad_norm,train_clip,train_loss_scale,train_optim_step_time,train_optim0_lr0,train_train_time,train_gpu_max_cached_mem_GB,valid_loss_ctc,valid_cer_ctc,valid_loss,valid_gpu_max_cached_mem_GB
overfit_n1_linear_unf1_lora1_lr0.001_els1_ctc1_bs16_ep200,1,0.339,0.103,46.052,46.052,0.133,314.898,100.0,65540.0,0.013,0.00024,0.621,14.879,38.961,1.0,38.961,14.879
overfit_n1_linear_unf1_lora1_lr0.001_els1_ctc1_bs16_ep200,2,0.34,0.065,39.524,39.524,0.125,175.988,100.0,65540.0,0.007,0.00066,0.565,14.879,37.539,0.995,37.539,14.879
overfit_n1_linear_unf1_lora1_lr0.001_els1_ctc1_bs16_ep200,3,0.342,0.065,37.971,37.971,0.125,174.632,100.0,65540.0,0.007,0.0009362,0.568,16.002,36.204,1.0,36.204,16.002
overfit_n1_linear_unf1_lora1_lr0.001_els1_ctc1_bs16_ep200,4,0.346,0.065,37.22,37.22,0.126,94.665,100.0,65540.0,0.007,0.0008185,0.572,16.002,35.898,1.0,35.898,16.002
overfit_n1_linear_unf1_lora1_lr0.001_els1_ctc1_bs16_ep200,5,0.346,0.065,36.475,36.475,0.127,85.236,100.0,65540.0,0.007,0.0007228,0.573,16.141,34.818,0.962,34.818,16.141
overfit_n1_linear_unf1_lora1_lr0.001_els1_ctc1_bs16_ep200,6,0.344,0.065,35.441,35.441,0.127,90.555,100.0,65540.0,0.007,0.0006544,0.571,16.141,34.547,0.974,34.547,16.141
overfit_n1_linear_unf1_lora1_lr0.001_els1_ctc1_bs16_ep200,7,0.345,0.065,35.139,35.139,0.126,99.505,100.0,65540.0,0.007,0.0006024,0.573,18.045,33.838,0.924,33.838,18.045
overfit_n1_linear_unf1_lora1_lr0.001_els1_ctc1_bs16_ep200,8,0.349,0.065,34.322,34.322,0.127,114.729,100.0,65540.0,0.007,0.0005611,0.577,19.314,33.161,0.925,33.161,19.314
overfit_n1_linear_unf1_lora1_lr0.001_els1_ctc1_bs16_ep200,9,0.35,0.065,34.084,34.084,0.126,204.905,100.0,65540.0,0.007,0.0005273,0.578,19.314,33.601,0.927,33.601,19.314
overfit_n1_linear_unf1_lora1_lr0.001_els1_ctc1_bs16_ep200,10,0.346,0.066,33.529,33.529,0.127,214.634,100.0,65540.0,0.007,0.0004989,0.574,19.314,32.846,0.931,32.846,19.314
overfit_n1_linear_unf1_lora1_lr0.001_els1_ctc1_bs16_ep200,11,0.345,0.065,33.173,33.173,0.127,117.703,100.0,65540.0,0.007,0.0004747,0.574,19.314,32.074,0.934,32.074,19.314
overfit_n1_linear_unf1_lora1_lr0.001_els1_ctc1_bs16_ep200,12,0.346,0.065,32.71,32.71,0.127,142.919,100.0,65540.0,0.007,0.0004537,0.575,19.314,31.163,0.911,31.163,19.314
overfit_n1_linear_unf1_lora1_lr0.001_els1_ctc1_bs16_ep200,13,0.34,0.065,31.708,31.708,0.127,156.848,100.0,65540.0,0.007,0.0004353,0.569,19.314,30.45,0.899,30.45,19.314
overfit_n1_linear_unf1_lora1_lr0.001_els1_ctc1_bs16_ep200,14,0.341,0.065,31.551,31.551,0.127,211.812,100.0,65540.0,0.007,0.0004189,0.57,19.314,30.058,0.908,30.058,19.314
overfit_n1_linear_unf1_lora1_lr0.001_els1_ctc1_bs16_ep200,15,0.341,0.065,31.104,31.104,0.128,143.94,100.0,65540.0,0.007,0.0004043,0.592,19.314,29.156,0.899,29.156,19.314
overfit_n1_linear_unf1_lora1_lr0.001_els1_ctc1_bs16_ep200,16,0.351,0.065,30.481,30.481,0.129,206.764,100.0,65540.0,0.007,0.0003911,0.581,19.314,28.665,0.894,28.665,19.314
overfit_n1_linear_unf1_lora1_lr0.001_els1_ctc1_bs16_ep200,17,0.345,0.066,29.864,29.864,0.127,138.628,100.0,65540.0,0.007,0.0003791,0.574,19.314,28.331,0.909,28.331,19.314
overfit_n1_linear_unf1_lora1_lr0.001_els1_ctc1_bs16_ep200,18,0.347,0.066,29.419,29.419,0.127,183.986,100.0,65540.0,0.007,0.0003681,0.576,19.314,27.452,0.894,27.452,19.314
overfit_n1_linear_unf1_lora1_lr0.001_els1_ctc1_bs16_ep200,19,0.344,0.065,28.959,28.959,0.127,172.387,100.0,65540.0,0.007,0.0003581,0.573,19.314,26.584,0.888,26.584,19.314
overfit_n1_linear_unf1_lora1_lr0.001_els1_ctc1_bs16_ep200,20,0.347,0.065,28.028,28.028,0.128,253.496,100.0,65540.0,0.007,0.0003488,0.577,19.314,25.847,0.892,25.847,19.314
overfit_n1_linear_unf1_lora1_lr0.001_els1_ctc1_bs16_ep200,21,0.341,0.065,27.669,27.669,0.127,200.43,100.0,65540.0,0.007,0.0003402,0.57,19.314,25.62,0.853,25.62,19.314
overfit_n1_linear_unf1_lora1_lr0.001_els1_ctc1_bs16_ep200,22,0.341,0.065,27.21,27.21,0.127,143.773,100.0,65540.0,0.007,0.0003323,0.57,19.314,24.674,0.863,24.674,19.314
overfit_n1_linear_unf1_lora1_lr0.001_els1_ctc1_bs16_ep200,23,0.35,0.065,26.721,26.721,0.127,309.778,100.0,65540.0,0.007,0.0003248,0.579,19.314,24.29,0.86,24.29,19.314
overfit_n1_linear_unf1_lora1_lr0.001_els1_ctc1_bs16_ep200,24,0.345,0.065,26.387,26.387,0.127,596.318,100.0,65540.0,0.007,0.0003178,0.573,19.314,23.836,0.831,23.836,19.314
overfit_n1_linear_unf1_lora1_lr0.001_els1_ctc1_bs16_ep200,25,0.35,0.065,25.959,25.959,0.128,202.196,100.0,65540.0,0.007,0.0003113,0.579,19.314,22.295,0.839,22.295,19.314
overfit_n1_linear_unf1_lora1_lr0.001_els1_ctc1_bs16_ep200,26,0.339,0.065,24.758,24.758,0.126,347.869,100.0,65540.0,0.007,0.0003052,0.567,19.314,21.872,0.813,21.872,19.314
overfit_n1_linear_unf1_lora1_lr0.001_els1_ctc1_bs16_ep200,27,0.341,0.065,23.976,23.976,0.126,337.789,100.0,65540.0,0.007,0.0002994,0.569,19.314,21.004,0.765,21.004,19.314
overfit_n1_linear_unf1_lora1_lr0.001_els1_ctc1_bs16_ep200,28,0.342,0.065,23.976,23.976,0.127,243.347,100.0,65540.0,0.007,0.0002939,0.57,19.314,20.435,0.781,20.435,19.314
overfit_n1_linear_unf1_lora1_lr0.001_els1_ctc1_bs16_ep200,29,0.34,0.065,23.516,23.516,0.127,190.5,100.0,65540.0,0.007,0.0002887,0.568,19.314,19.954,0.76,19.954,19.314
overfit_n1_linear_unf1_lora1_lr0.001_els1_ctc1_bs16_ep200,30,0.346,0.065,23.022,23.022,0.127,479.6,100.0,65540.0,0.007,0.0002838,0.574,19.314,20.017,0.752,20.017,19.314
overfit_n1_linear_unf1_lora1_lr0.001_els1_ctc1_bs16_ep200,31,0.346,0.065,22.29,22.29,0.127,527.363,100.0,65540.0,0.007,0.0002791,0.574,19.314,18.458,0.721,18.458,19.314
overfit_n1_linear_unf1_lora1_lr0.001_els1_ctc1_bs16_ep200,32,0.343,0.065,21.181,21.181,0.127,282.687,100.0,65540.0,0.007,0.0002746,0.572,19.314,17.701,0.724,17.701,19.314
overfit_n1_linear_unf1_lora1_lr0.001_els1_ctc1_bs16_ep200,33,0.342,0.065,21.324,21.324,0.126,203.417,100.0,65540.0,0.007,0.0002704,0.569,19.314,17.348,0.675,17.348,19.314
overfit_n1_linear_unf1_lora1_lr0.001_els1_ctc1_bs16_ep200,34,0.344,0.065,20.355,20.355,0.127,419.871,100.0,65540.0,0.007,0.0002663,0.572,19.314,17.476,0.682,17.476,19.314
overfit_n1_linear_unf1_lora1_lr0.001_els1_ctc1_bs16_ep200,35,0.339,0.065,19.528,19.528,0.127,275.878,100.0,65540.0,0.007,0.0002624,0.567,20.367,15.804,0.646,15.804,20.367
overfit_n1_linear_unf1_lora1_lr0.001_els1_ctc1_bs16_ep200,36,0.342,0.065,19.74,19.74,0.127,225.259,100.0,65540.0,0.007,0.0002587,0.569,20.367,16.111,0.664,16.111,20.367
overfit_n1_linear_unf1_lora1_lr0.001_els1_ctc1_bs16_ep200,37,0.346,0.066,18.85,18.85,0.128,349.796,100.0,65540.0,0.007,0.0002552,0.574,20.367,14.921,0.666,14.921,20.367
overfit_n1_linear_unf1_lora1_lr0.001_els1_ctc1_bs16_ep200,38,0.345,0.065,18.528,18.528,0.128,238.292,100.0,65540.0,0.007,0.0002517,0.573,20.367,14.34,0.633,14.34,20.367
overfit_n1_linear_unf1_lora1_lr0.001_els1_ctc1_bs16_ep200,39,0.345,0.065,17.942,17.942,0.126,251.156,100.0,65540.0,0.007,0.0002485,0.572,20.367,13.592,0.604,13.592,20.367
overfit_n1_linear_unf1_lora1_lr0.001_els1_ctc1_bs16_ep200,40,0.345,0.065,17.222,17.222,0.127,320.367,100.0,65540.0,0.007,0.0002453,0.573,20.367,13.326,0.595,13.326,20.367
overfit_n1_linear_unf1_lora1_lr0.001_els1_ctc1_bs16_ep200,41,0.344,0.065,17.429,17.429,0.126,188.683,100.0,65540.0,0.007,0.0002423,0.571,20.367,12.83,0.554,12.83,20.367
overfit_n1_linear_unf1_lora1_lr0.001_els1_ctc1_bs16_ep200,42,0.34,0.065,16.189,16.189,0.126,230.2,100.0,65540.0,0.007,0.0002393,0.567,20.367,12.203,0.549,12.203,20.367
overfit_n1_linear_unf1_lora1_lr0.001_els1_ctc1_bs16_ep200,43,0.341,0.065,15.582,15.582,0.127,275.627,100.0,65540.0,0.007,0.0002365,0.569,20.367,11.851,0.532,11.851,20.367
overfit_n1_linear_unf1_lora1_lr0.001_els1_ctc1_bs16_ep200,44,0.341,0.065,15.785,15.785,0.126,246.51,100.0,65540.0,0.007,0.0002338,0.569,20.367,12.335,0.54,12.335,20.367
overfit_n1_linear_unf1_lora1_lr0.001_els1_ctc1_bs16_ep200,45,0.347,0.065,15.83,15.83,0.126,254.013,100.0,65540.0,0.007,0.0002311,0.574,20.367,11.789,0.527,11.789,20.367
overfit_n1_linear_unf1_lora1_lr0.001_els1_ctc1_bs16_ep200,46,0.343,0.065,14.399,14.399,0.126,219.589,100.0,65540.0,0.007,0.0002286,0.57,20.367,11.018,0.491,11.018,20.367
overfit_n1_linear_unf1_lora1_lr0.001_els1_ctc1_bs16_ep200,47,0.345,0.065,14.509,14.509,0.126,254.838,100.0,65540.0,0.007,0.0002261,0.573,20.367,10.87,0.518,10.87,20.367
overfit_n1_linear_unf1_lora1_lr0.001_els1_ctc1_bs16_ep200,48,0.345,0.065,13.736,13.736,0.126,273.518,100.0,65540.0,0.007,0.0002237,0.572,20.367,9.924,0.452,9.924,20.367
overfit_n1_linear_unf1_lora1_lr0.001_els1_ctc1_bs16_ep200,49,0.346,0.065,13.29,13.29,0.126,180.204,100.0,65540.0,0.007,0.0002214,0.574,20.367,9.929,0.447,9.929,20.367
overfit_n1_linear_unf1_lora1_lr0.001_els1_ctc1_bs16_ep200,50,0.347,0.065,13.164,13.164,0.126,256.977,100.0,65540.0,0.007,0.0002192,0.575,20.367,10.096,0.46,10.096,20.367
overfit_n1_linear_unf1_lora1_lr0.001_els1_ctc1_bs16_ep200,51,0.345,0.065,12.507,12.507,0.126,216.468,100.0,65540.0,0.007,0.000217,0.573,20.367,9.3,0.439,9.3,20.367
overfit_n1_linear_unf1_lora1_lr0.001_els1_ctc1_bs16_ep200,52,0.352,0.066,12.923,12.923,0.126,292.976,100.0,65540.0,0.007,0.0002149,0.58,20.367,9.914,0.428,9.914,20.367
overfit_n1_linear_unf1_lora1_lr0.001_els1_ctc1_bs16_ep200,53,0.348,0.065,12.062,12.062,0.127,181.64,100.0,65540.0,0.007,0.0002128,0.575,20.566,8.437,0.432,8.437,20.566
overfit_n1_linear_unf1_lora1_lr0.001_els1_ctc1_bs16_ep200,54,0.35,0.066,11.628,11.628,0.127,203.539,100.0,65540.0,0.007,0.0002108,0.578,20.566,8.346,0.403,8.346,20.566
overfit_n1_linear_unf1_lora1_lr0.001_els1_ctc1_bs16_ep200,55,0.346,0.065,11.548,11.548,0.126,227.785,100.0,65540.0,0.007,0.0002089,0.573,20.566,7.693,0.414,7.693,20.566
overfit_n1_linear_unf1_lora1_lr0.001_els1_ctc1_bs16_ep200,56,0.347,0.065,11.34,11.34,0.126,258.296,100.0,65540.0,0.007,0.000207,0.575,20.566,7.819,0.382,7.819,20.566
overfit_n1_linear_unf1_lora1_lr0.001_els1_ctc1_bs16_ep200,57,0.347,0.065,10.814,10.814,0.126,212.332,100.0,65540.0,0.007,0.0002052,0.575,20.566,7.998,0.409,7.998,20.566
overfit_n1_linear_unf1_lora1_lr0.001_els1_ctc1_bs16_ep200,58,0.344,0.065,10.664,10.664,0.126,166.928,100.0,65540.0,0.007,0.0002034,0.571,20.566,7.563,0.358,7.563,20.566
overfit_n1_linear_unf1_lora1_lr0.001_els1_ctc1_bs16_ep200,59,0.349,0.065,10.069,10.069,0.126,182.133,100.0,65540.0,0.007,0.0002016,0.577,20.566,7.014,0.377,7.014,20.566
overfit_n1_linear_unf1_lora1_lr0.001_els1_ctc1_bs16_ep200,60,0.345,0.065,9.673,9.673,0.126,222.541,100.0,65540.0,0.007,0.0001999,0.574,20.566,7.159,0.361,7.159,20.566
overfit_n1_linear_unf1_lora1_lr0.001_els1_ctc1_bs16_ep200,61,0.344,0.065,9.802,9.802,0.127,265.364,100.0,65540.0,0.007,0.0001983,0.572,20.566,6.939,0.352,6.939,20.566
overfit_n1_linear_unf1_lora1_lr0.001_els1_ctc1_bs16_ep200,62,0.344,0.065,9.594,9.594,0.127,259.08,100.0,65540.0,0.007,0.0001966,0.573,20.566,6.454,0.357,6.454,20.566
overfit_n1_linear_unf1_lora1_lr0.001_els1_ctc1_bs16_ep200,63,0.344,0.065,9.657,9.657,0.127,169.939,100.0,65540.0,0.007,0.0001951,0.574,20.566,6.628,0.342,6.628,20.566
overfit_n1_linear_unf1_lora1_lr0.001_els1_ctc1_bs16_ep200,64,0.344,0.065,9.084,9.084,0.127,171.89,100.0,65540.0,0.007,0.0001935,0.574,20.566,6.814,0.344,6.814,20.566
overfit_n1_linear_unf1_lora1_lr0.001_els1_ctc1_bs16_ep200,65,0.342,0.065,9.065,9.065,0.128,148.217,100.0,65540.0,0.007,0.000192,0.572,20.566,6.271,0.321,6.271,20.566
overfit_n1_linear_unf1_lora1_lr0.001_els1_ctc1_bs16_ep200,66,0.35,0.065,8.861,8.861,0.128,238.856,100.0,65540.0,0.007,0.0001906,0.581,20.566,6.005,0.326,6.005,20.566
overfit_n1_linear_unf1_lora1_lr0.001_els1_ctc1_bs16_ep200,67,0.348,0.065,9.16,9.16,0.128,220.662,100.0,65540.0,0.007,0.0001891,0.578,20.566,5.838,0.326,5.838,20.566
overfit_n1_linear_unf1_lora1_lr0.001_els1_ctc1_bs16_ep200,68,0.346,0.065,8.665,8.665,0.128,179.649,100.0,65540.0,0.007,0.0001877,0.575,20.566,5.945,0.328,5.945,20.566
overfit_n1_linear_unf1_lora1_lr0.001_els1_ctc1_bs16_ep200,69,0.345,0.065,8.269,8.269,0.128,182.618,100.0,65540.0,0.007,0.0001863,0.575,20.566,5.821,0.331,5.821,20.566
overfit_n1_linear_unf1_lora1_lr0.001_els1_ctc1_bs16_ep200,70,0.345,0.065,7.983,7.983,0.128,176.341,100.0,65540.0,0.007,0.000185,0.576,20.566,6.259,0.333,6.259,20.566
overfit_n1_linear_unf1_lora1_lr0.001_els1_ctc1_bs16_ep200,71,0.345,0.065,7.847,7.847,0.128,145.604,100.0,65540.0,0.007,0.0001837,0.576,20.566,5.385,0.297,5.385,20.566
overfit_n1_linear_unf1_lora1_lr0.001_els1_ctc1_bs16_ep200,72,0.344,0.065,7.684,7.684,0.128,193.581,100.0,65540.0,0.007,0.0001824,0.575,20.566,5.197,0.303,5.197,20.566
overfit_n1_linear_unf1_lora1_lr0.001_els1_ctc1_bs16_ep200,73,0.348,0.065,7.67,7.67,0.128,187.971,100.0,65540.0,0.007,0.0001811,0.578,20.566,5.415,0.301,5.415,20.566
overfit_n1_linear_unf1_lora1_lr0.001_els1_ctc1_bs16_ep200,74,0.346,0.066,7.297,7.297,0.128,145.046,100.0,65540.0,0.007,0.0001799,0.577,20.566,5.388,0.299,5.388,20.566
overfit_n1_linear_unf1_lora1_lr0.001_els1_ctc1_bs16_ep200,75,0.347,0.065,7.227,7.227,0.127,179.127,100.0,65540.0,0.007,0.0001787,0.577,20.566,5.042,0.304,5.042,20.566
overfit_n1_linear_unf1_lora1_lr0.001_els1_ctc1_bs16_ep200,76,0.347,0.066,7.518,7.518,0.127,222.16,100.0,65540.0,0.007,0.0001775,0.578,20.566,5.501,0.308,5.501,20.566
overfit_n1_linear_unf1_lora1_lr0.001_els1_ctc1_bs16_ep200,77,0.349,0.066,7.59,7.59,0.128,235.346,100.0,65540.0,0.007,0.0001763,0.58,20.566,5.026,0.277,5.026,20.566
overfit_n1_linear_unf1_lora1_lr0.001_els1_ctc1_bs16_ep200,78,0.349,0.065,6.753,6.753,0.128,191.987,100.0,65540.0,0.007,0.0001752,0.58,20.566,5.018,0.283,5.018,20.566
overfit_n1_linear_unf1_lora1_lr0.001_els1_ctc1_bs16_ep200,79,0.345,0.066,6.552,6.552,0.128,178.404,100.0,65540.0,0.007,0.0001741,0.598,20.566,5.463,0.301,5.463,20.566
overfit_n1_linear_unf1_lora1_lr0.001_els1_ctc1_bs16_ep200,80,0.348,0.065,6.686,6.686,0.128,171.283,100.0,65540.0,0.007,0.000173,0.578,20.566,5.524,0.299,5.524,20.566
overfit_n1_linear_unf1_lora1_lr0.001_els1_ctc1_bs16_ep200,81,0.347,0.066,6.794,6.794,0.128,226.613,100.0,65540.0,0.007,0.0001719,0.577,20.566,4.477,0.288,4.477,20.566
overfit_n1_linear_unf1_lora1_lr0.001_els1_ctc1_bs16_ep200,82,0.347,0.066,6.492,6.492,0.127,165.689,100.0,65540.0,0.007,0.0001708,0.578,20.566,4.608,0.272,4.608,20.566
overfit_n1_linear_unf1_lora1_lr0.001_els1_ctc1_bs16_ep200,83,0.344,0.071,6.385,6.385,0.128,262.98,100.0,65540.0,0.008,0.0001698,0.581,20.689,4.923,0.286,4.923,20.689
overfit_n1_linear_unf1_lora1_lr0.001_els1_ctc1_bs16_ep200,84,0.343,0.065,6.388,6.388,0.128,134.087,100.0,65540.0,0.007,0.0001688,0.573,20.689,4.644,0.283,4.644,20.689
overfit_n1_linear_unf1_lora1_lr0.001_els1_ctc1_bs16_ep200,85,0.343,0.065,6.04,6.04,0.127,162.436,100.0,65540.0,0.007,0.0001678,0.573,20.689,4.431,0.257,4.431,20.689
overfit_n1_linear_unf1_lora1_lr0.001_els1_ctc1_bs16_ep200,86,0.346,0.065,6.285,6.285,0.128,137.55,100.0,65540.0,0.007,0.0001668,0.576,20.689,5.332,0.312,5.332,20.689
overfit_n1_linear_unf1_lora1_lr0.001_els1_ctc1_bs16_ep200,87,0.346,0.065,6.079,6.079,0.127,129.328,100.0,65540.0,0.007,0.0001658,0.576,20.689,4.788,0.297,4.788,20.689
overfit_n1_linear_unf1_lora1_lr0.001_els1_ctc1_bs16_ep200,88,0.347,0.066,6.11,6.11,0.128,146.064,100.0,65540.0,0.007,0.0001649,0.578,20.689,4.582,0.29,4.582,20.689
overfit_n1_linear_unf1_lora1_lr0.001_els1_ctc1_bs16_ep200,89,0.349,0.066,5.915,5.915,0.127,137.732,100.0,65540.0,0.007,0.000164,0.58,20.689,4.718,0.282,4.718,20.689
overfit_n1_linear_unf1_lora1_lr0.001_els1_ctc1_bs16_ep200,90,0.346,0.065,6.012,6.012,0.127,135.307,100.0,65540.0,0.007,0.000163,0.576,20.689,4.187,0.264,4.187,20.689
overfit_n1_linear_unf1_lora1_lr0.001_els1_ctc1_bs16_ep200,91,0.346,0.065,5.681,5.681,0.127,118.52,100.0,65540.0,0.007,0.0001621,0.576,20.689,4.276,0.256,4.276,20.689
overfit_n1_linear_unf1_lora1_lr0.001_els1_ctc1_bs16_ep200,92,0.344,0.065,5.522,5.522,0.128,120.368,100.0,65540.0,0.007,0.0001612,0.575,20.689,4.019,0.235,4.019,20.689
overfit_n1_linear_unf1_lora1_lr0.001_els1_ctc1_bs16_ep200,93,0.344,0.065,5.495,5.495,0.128,142.393,100.0,65540.0,0.007,0.0001604,0.574,20.689,3.811,0.242,3.811,20.689
overfit_n1_linear_unf1_lora1_lr0.001_els1_ctc1_bs16_ep200,94,0.349,0.066,5.661,5.661,0.127,120.661,100.0,65540.0,0.007,0.0001595,0.579,20.689,4.38,0.258,4.38,20.689
overfit_n1_linear_unf1_lora1_lr0.001_els1_ctc1_bs16_ep200,95,0.348,0.066,5.351,5.351,0.128,141.702,100.0,65540.0,0.007,0.0001587,0.578,20.689,4.237,0.262,4.237,20.689
overfit_n1_linear_unf1_lora1_lr0.001_els1_ctc1_bs16_ep200,96,0.346,0.065,5.403,5.403,0.128,185.423,100.0,115500.0,0.007,0.0001578,0.576,20.689,3.948,0.255,3.948,20.689
overfit_n1_linear_unf1_lora1_lr0.001_els1_ctc1_bs16_ep200,97,0.345,0.066,5.302,5.302,0.128,159.168,100.0,131100.0,0.007,0.000157,0.576,20.689,3.812,0.254,3.812,20.689
overfit_n1_linear_unf1_lora1_lr0.001_els1_ctc1_bs16_ep200,98,0.344,0.065,5.157,5.157,0.128,126.056,100.0,131100.0,0.007,0.0001562,0.574,20.689,4.168,0.26,4.168,20.689
overfit_n1_linear_unf1_lora1_lr0.001_els1_ctc1_bs16_ep200,99,0.344,0.066,4.917,4.917,0.128,132.241,100.0,131100.0,0.007,0.0001554,0.574,20.689,3.813,0.248,3.813,20.689
overfit_n1_linear_unf1_lora1_lr0.001_els1_ctc1_bs16_ep200,100,0.342,0.066,5.104,5.104,0.128,162.252,100.0,131100.0,0.007,0.0001546,0.573,20.689,4.257,0.263,4.257,20.689
overfit_n1_linear_unf1_lora1_lr0.001_els1_ctc1_bs16_ep200,101,0.347,0.065,5.116,5.116,0.128,140.61,100.0,131100.0,0.007,0.0001539,0.577,20.689,4.145,0.253,4.145,20.689
overfit_n1_linear_unf1_lora1_lr0.001_els1_ctc1_bs16_ep200,102,0.347,0.065,5.065,5.065,0.128,132.599,100.0,131100.0,0.007,0.0001531,0.577,20.689,3.966,0.242,3.966,20.689
overfit_n1_linear_unf1_lora1_lr0.001_els1_ctc1_bs16_ep200,103,0.345,0.073,5.213,5.213,0.128,133.179,100.0,131100.0,0.007,0.0001524,0.584,21.477,3.777,0.24,3.777,21.477
overfit_n1_linear_unf1_lora1_lr0.001_els1_ctc1_bs16_ep200,104,0.347,0.066,5.134,5.134,0.127,128.485,100.0,131100.0,0.007,0.0001516,0.578,21.477,3.81,0.232,3.81,21.477
overfit_n1_linear_unf1_lora1_lr0.001_els1_ctc1_bs16_ep200,105,0.346,0.065,5.097,5.097,0.128,126.339,100.0,131100.0,0.007,0.0001509,0.576,21.477,3.744,0.235,3.744,21.477
overfit_n1_linear_unf1_lora1_lr0.001_els1_ctc1_bs16_ep200,106,0.344,0.066,4.777,4.777,0.128,121.069,100.0,131100.0,0.007,0.0001502,0.575,21.477,3.847,0.253,3.847,21.477
overfit_n1_linear_unf1_lora1_lr0.001_els1_ctc1_bs16_ep200,107,0.348,0.065,4.834,4.834,0.127,161.742,100.0,131100.0,0.007,0.0001495,0.579,21.477,3.718,0.228,3.718,21.477
overfit_n1_linear_unf1_lora1_lr0.001_els1_ctc1_bs16_ep200,108,0.347,0.066,5.069,5.069,0.128,223.126,100.0,131100.0,0.007,0.0001488,0.578,21.477,3.412,0.227,3.412,21.477
overfit_n1_linear_unf1_lora1_lr0.001_els1_ctc1_bs16_ep200,109,0.346,0.065,4.822,4.822,0.128,167.947,100.0,131100.0,0.007,0.0001481,0.576,21.477,3.42,0.23,3.42,21.477
overfit_n1_linear_unf1_lora1_lr0.001_els1_ctc1_bs16_ep200,110,0.347,0.066,4.724,4.724,0.128,148.242,100.0,131100.0,0.007,0.0001474,0.577,21.477,3.66,0.222,3.66,21.477
overfit_n1_linear_unf1_lora1_lr0.001_els1_ctc1_bs16_ep200,111,0.344,0.065,4.424,4.424,0.127,117.868,100.0,131100.0,0.007,0.0001467,0.575,21.477,3.591,0.228,3.591,21.477
overfit_n1_linear_unf1_lora1_lr0.001_els1_ctc1_bs16_ep200,112,0.344,0.066,4.699,4.699,0.127,157.175,100.0,131100.0,0.007,0.0001461,0.574,21.477,3.365,0.204,3.365,21.477
overfit_n1_linear_unf1_lora1_lr0.001_els1_ctc1_bs16_ep200,113,0.342,0.065,4.508,4.508,0.127,135.041,100.0,131100.0,0.007,0.0001454,0.571,21.477,3.473,0.22,3.473,21.477
overfit_n1_linear_unf1_lora1_lr0.001_els1_ctc1_bs16_ep200,114,0.35,0.066,4.861,4.861,0.128,154.052,100.0,131100.0,0.007,0.0001448,0.58,21.477,3.558,0.221,3.558,21.477
overfit_n1_linear_unf1_lora1_lr0.001_els1_ctc1_bs16_ep200,115,0.349,0.066,4.132,4.132,0.128,184.917,100.0,131100.0,0.007,0.0001442,0.58,21.477,3.151,0.202,3.151,21.477
overfit_n1_linear_unf1_lora1_lr0.001_els1_ctc1_bs16_ep200,116,0.349,0.066,4.19,4.19,0.128,195.875,100.0,131100.0,0.007,0.0001435,0.579,21.477,3.349,0.19,3.349,21.477
overfit_n1_linear_unf1_lora1_lr0.001_els1_ctc1_bs16_ep200,117,0.351,0.066,4.389,4.389,0.127,167.453,100.0,131100.0,0.007,0.0001429,0.581,21.477,3.53,0.221,3.53,21.477
overfit_n1_linear_unf1_lora1_lr0.001_els1_ctc1_bs16_ep200,118,0.349,0.066,4.348,4.348,0.127,195.806,100.0,131100.0,0.007,0.0001423,0.58,21.477,3.413,0.201,3.413,21.477
overfit_n1_linear_unf1_lora1_lr0.001_els1_ctc1_bs16_ep200,119,0.346,0.066,4.533,4.533,0.128,194.536,100.0,131100.0,0.007,0.0001417,0.576,21.477,3.283,0.205,3.283,21.477
overfit_n1_linear_unf1_lora1_lr0.001_els1_ctc1_bs16_ep200,120,0.344,0.066,4.734,4.734,0.128,168.589,100.0,131100.0,0.007,0.0001411,0.574,21.477,3.795,0.227,3.795,21.477
overfit_n1_linear_unf1_lora1_lr0.001_els1_ctc1_bs16_ep200,121,0.349,0.066,4.446,4.446,0.127,187.771,100.0,131100.0,0.007,0.0001405,0.58,21.477,3.512,0.22,3.512,21.477
overfit_n1_linear_unf1_lora1_lr0.001_els1_ctc1_bs16_ep200,122,0.349,0.066,4.46,4.46,0.127,133.158,100.0,131100.0,0.007,0.0001399,0.58,21.477,3.422,0.226,3.422,21.477
overfit_n1_linear_unf1_lora1_lr0.001_els1_ctc1_bs16_ep200,123,0.348,0.066,4.328,4.328,0.127,163.037,100.0,131100.0,0.007,0.0001394,0.578,21.477,3.814,0.232,3.814,21.477
overfit_n1_linear_unf1_lora1_lr0.001_els1_ctc1_bs16_ep200,124,0.346,0.066,3.851,3.851,0.127,130.727,100.0,131100.0,0.007,0.0001388,0.576,21.477,3.21,0.213,3.21,21.477
overfit_n1_linear_unf1_lora1_lr0.001_els1_ctc1_bs16_ep200,125,0.347,0.066,3.873,3.873,0.128,110.225,100.0,131100.0,0.007,0.0001383,0.578,21.477,3.647,0.23,3.647,21.477
overfit_n1_linear_unf1_lora1_lr0.001_els1_ctc1_bs16_ep200,126,0.345,0.066,4.354,4.354,0.127,131.515,100.0,131100.0,0.007,0.0001377,0.576,21.477,3.69,0.232,3.69,21.477
overfit_n1_linear_unf1_lora1_lr0.001_els1_ctc1_bs16_ep200,127,0.342,0.065,4.175,4.175,0.126,183.01,100.0,131100.0,0.007,0.0001372,0.571,21.477,2.973,0.183,2.973,21.477
overfit_n1_linear_unf1_lora1_lr0.001_els1_ctc1_bs16_ep200,128,0.348,0.065,4.031,4.031,0.128,167.382,100.0,131100.0,0.007,0.0001366,0.578,21.477,3.184,0.206,3.184,21.477
overfit_n1_linear_unf1_lora1_lr0.001_els1_ctc1_bs16_ep200,129,0.348,0.065,4.333,4.333,0.128,141.983,100.0,131100.0,0.007,0.0001361,0.578,21.477,3.479,0.219,3.479,21.477
overfit_n1_linear_unf1_lora1_lr0.001_els1_ctc1_bs16_ep200,130,0.347,0.065,4.646,4.646,0.127,174.777,100.0,131100.0,0.007,0.0001356,0.577,21.477,3.49,0.23,3.49,21.477
overfit_n1_linear_unf1_lora1_lr0.001_els1_ctc1_bs16_ep200,131,0.346,0.065,4.216,4.216,0.127,128.069,100.0,131100.0,0.007,0.000135,0.576,21.477,3.189,0.2,3.189,21.477
overfit_n1_linear_unf1_lora1_lr0.001_els1_ctc1_bs16_ep200,132,0.344,0.065,4.241,4.241,0.128,180.944,100.0,131100.0,0.007,0.0001345,0.574,21.477,3.337,0.209,3.337,21.477
overfit_n1_linear_unf1_lora1_lr0.001_els1_ctc1_bs16_ep200,133,0.345,0.065,4.192,4.192,0.127,129.766,100.0,131100.0,0.007,0.000134,0.575,21.477,3.347,0.209,3.347,21.477
overfit_n1_linear_unf1_lora1_lr0.001_els1_ctc1_bs16_ep200,134,0.343,0.065,4.144,4.144,0.127,120.668,100.0,131100.0,0.007,0.0001335,0.573,21.477,2.968,0.205,2.968,21.477
overfit_n1_linear_unf1_lora1_lr0.001_els1_ctc1_bs16_ep200,135,0.351,0.065,3.947,3.947,0.127,130.753,100.0,131100.0,0.007,0.000133,0.581,21.477,3.145,0.195,3.145,21.477
overfit_n1_linear_unf1_lora1_lr0.001_els1_ctc1_bs16_ep200,136,0.348,0.065,4.039,4.039,0.128,154.552,100.0,131100.0,0.007,0.0001325,0.578,21.477,3.612,0.214,3.612,21.477
overfit_n1_linear_unf1_lora1_lr0.001_els1_ctc1_bs16_ep200,137,0.347,0.066,3.869,3.869,0.127,108.36,100.0,131100.0,0.007,0.000132,0.577,21.477,3.617,0.22,3.617,21.477
overfit_n1_linear_unf1_lora1_lr0.001_els1_ctc1_bs16_ep200,138,0.344,0.073,3.803,3.803,0.128,107.473,100.0,131100.0,0.007,0.0001316,0.582,21.477,2.946,0.191,2.946,21.477
overfit_n1_linear_unf1_lora1_lr0.001_els1_ctc1_bs16_ep200,139,0.345,0.065,3.963,3.963,0.127,151.53,100.0,131100.0,0.007,0.0001311,0.575,21.477,2.682,0.189,2.682,21.477
overfit_n1_linear_unf1_lora1_lr0.001_els1_ctc1_bs16_ep200,140,0.344,0.065,3.833,3.833,0.128,183.016,100.0,131100.0,0.007,0.0001306,0.574,21.477,2.549,0.183,2.549,21.477
overfit_n1_linear_unf1_lora1_lr0.001_els1_ctc1_bs16_ep200,141,0.345,0.065,3.975,3.975,0.127,130.255,100.0,131100.0,0.007,0.0001301,0.575,21.477,2.782,0.185,2.782,21.477
overfit_n1_linear_unf1_lora1_lr0.001_els1_ctc1_bs16_ep200,142,0.343,0.065,3.721,3.721,0.127,255.63,100.0,131100.0,0.007,0.0001297,0.573,21.477,3.317,0.203,3.317,21.477
overfit_n1_linear_unf1_lora1_lr0.001_els1_ctc1_bs16_ep200,143,0.348,0.065,3.761,3.761,0.127,172.83,100.0,131100.0,0.007,0.0001292,0.578,21.477,2.931,0.196,2.931,21.477
overfit_n1_linear_unf1_lora1_lr0.001_els1_ctc1_bs16_ep200,144,0.347,0.065,4.061,4.061,0.128,127.6,100.0,131100.0,0.007,0.0001288,0.577,21.477,2.798,0.178,2.798,21.477
overfit_n1_linear_unf1_lora1_lr0.001_els1_ctc1_bs16_ep200,145,0.345,0.065,3.738,3.738,0.128,159.84,100.0,131100.0,0.007,0.0001283,0.576,21.477,2.828,0.184,2.828,21.477
overfit_n1_linear_unf1_lora1_lr0.001_els1_ctc1_bs16_ep200,146,0.342,0.065,3.777,3.777,0.128,169.431,100.0,131100.0,0.007,0.0001279,0.572,21.477,3.135,0.194,3.135,21.477
overfit_n1_linear_unf1_lora1_lr0.001_els1_ctc1_bs16_ep200,147,0.343,0.065,3.471,3.471,0.128,110.928,100.0,131100.0,0.007,0.0001275,0.573,21.477,2.833,0.163,2.833,21.477
overfit_n1_linear_unf1_lora1_lr0.001_els1_ctc1_bs16_ep200,148,0.34,0.066,3.618,3.618,0.127,119.598,100.0,131100.0,0.007,0.000127,0.57,21.477,2.8,0.18,2.8,21.477
overfit_n1_linear_unf1_lora1_lr0.001_els1_ctc1_bs16_ep200,149,0.347,0.065,3.338,3.338,0.128,124.892,100.0,131100.0,0.007,0.0001266,0.577,21.477,2.892,0.185,2.892,21.477
overfit_n1_linear_unf1_lora1_lr0.001_els1_ctc1_bs16_ep200,150,0.345,0.065,3.64,3.64,0.127,149.884,100.0,131100.0,0.007,0.0001262,0.575,21.477,2.628,0.175,2.628,21.477
overfit_n1_linear_unf1_lora1_lr0.001_els1_ctc1_bs16_ep200,151,0.345,0.065,3.679,3.679,0.129,137.793,100.0,131100.0,0.007,0.0001257,0.576,21.477,2.709,0.17,2.709,21.477
overfit_n1_linear_unf1_lora1_lr0.001_els1_ctc1_bs16_ep200,152,0.342,0.065,3.589,3.589,0.128,169.352,100.0,131100.0,0.007,0.0001253,0.572,21.477,2.363,0.159,2.363,21.477
overfit_n1_linear_unf1_lora1_lr0.001_els1_ctc1_bs16_ep200,153,0.342,0.065,3.466,3.466,0.127,144.612,100.0,131100.0,0.007,0.0001249,0.572,21.477,3.008,0.189,3.008,21.477
overfit_n1_linear_unf1_lora1_lr0.001_els1_ctc1_bs16_ep200,154,0.341,0.065,3.482,3.482,0.128,134.227,100.0,131100.0,0.007,0.0001245,0.571,21.477,3.466,0.213,3.466,21.477
overfit_n1_linear_unf1_lora1_lr0.001_els1_ctc1_bs16_ep200,155,0.341,0.065,3.369,3.369,0.127,137.974,100.0,131100.0,0.007,0.0001241,0.571,21.477,2.703,0.182,2.703,21.477
overfit_n1_linear_unf1_lora1_lr0.001_els1_ctc1_bs16_ep200,156,0.343,0.065,3.692,3.692,0.128,157.247,100.0,131100.0,0.007,0.0001237,0.573,21.477,2.825,0.193,2.825,21.477
overfit_n1_linear_unf1_lora1_lr0.001_els1_ctc1_bs16_ep200,157,0.344,0.065,3.51,3.51,0.127,138.577,100.0,131100.0,0.007,0.0001233,0.574,21.477,2.675,0.177,2.675,21.477
overfit_n1_linear_unf1_lora1_lr0.001_els1_ctc1_bs16_ep200,158,0.341,0.065,3.626,3.626,0.127,104.651,100.0,131100.0,0.007,0.0001229,0.57,21.477,2.733,0.18,2.733,21.477
overfit_n1_linear_unf1_lora1_lr0.001_els1_ctc1_bs16_ep200,159,0.344,0.065,3.686,3.686,0.128,171.332,100.0,131100.0,0.007,0.0001225,0.574,21.477,2.739,0.174,2.739,21.477
overfit_n1_linear_unf1_lora1_lr0.001_els1_ctc1_bs16_ep200,160,0.342,0.065,3.525,3.525,0.127,182.441,100.0,131100.0,0.007,0.0001222,0.571,21.477,2.347,0.173,2.347,21.477
overfit_n1_linear_unf1_lora1_lr0.001_els1_ctc1_bs16_ep200,161,0.341,0.065,3.316,3.316,0.127,195.308,100.0,131100.0,0.007,0.0001218,0.57,21.477,2.596,0.181,2.596,21.477
overfit_n1_linear_unf1_lora1_lr0.001_els1_ctc1_bs16_ep200,162,0.34,0.065,3.445,3.445,0.128,112.251,100.0,131100.0,0.007,0.0001214,0.57,21.477,2.363,0.165,2.363,21.477
overfit_n1_linear_unf1_lora1_lr0.001_els1_ctc1_bs16_ep200,163,0.347,0.066,3.369,3.369,0.127,129.707,100.0,131100.0,0.007,0.000121,0.577,21.477,2.266,0.157,2.266,21.477
overfit_n1_linear_unf1_lora1_lr0.001_els1_ctc1_bs16_ep200,164,0.345,0.066,3.205,3.205,0.127,95.577,100.0,131100.0,0.007,0.0001206,0.574,21.477,2.303,0.155,2.303,21.477
overfit_n1_linear_unf1_lora1_lr0.001_els1_ctc1_bs16_ep200,165,0.343,0.065,3.212,3.212,0.127,138.517,100.0,131100.0,0.007,0.0001203,0.573,21.477,2.802,0.179,2.802,21.477
overfit_n1_linear_unf1_lora1_lr0.001_els1_ctc1_bs16_ep200,166,0.342,0.066,3.294,3.294,0.127,145.701,100.0,131100.0,0.007,0.0001199,0.572,21.477,2.807,0.199,2.807,21.477
overfit_n1_linear_unf1_lora1_lr0.001_els1_ctc1_bs16_ep200,167,0.34,0.065,3.203,3.203,0.127,109.584,100.0,131100.0,0.007,0.0001196,0.569,21.477,2.312,0.145,2.312,21.477
overfit_n1_linear_unf1_lora1_lr0.001_els1_ctc1_bs16_ep200,168,0.342,0.066,3.418,3.418,0.127,159.008,100.0,131100.0,0.007,0.0001192,0.572,21.477,2.455,0.169,2.455,21.477
overfit_n1_linear_unf1_lora1_lr0.001_els1_ctc1_bs16_ep200,169,0.341,0.073,3.15,3.15,0.127,156.197,100.0,131100.0,0.008,0.0001188,0.579,21.477,2.331,0.156,2.331,21.477
overfit_n1_linear_unf1_lora1_lr0.001_els1_ctc1_bs16_ep200,170,0.345,0.065,3.422,3.422,0.127,141.698,100.0,131100.0,0.007,0.0001185,0.575,21.477,2.265,0.159,2.265,21.477
overfit_n1_linear_unf1_lora1_lr0.001_els1_ctc1_bs16_ep200,171,0.346,0.066,3.133,3.133,0.127,127.444,100.0,131100.0,0.007,0.0001181,0.575,21.477,2.371,0.175,2.371,21.477
overfit_n1_linear_unf1_lora1_lr0.001_els1_ctc1_bs16_ep200,172,0.344,0.069,3.407,3.407,0.127,109.723,100.0,131100.0,0.008,0.0001178,0.578,21.48,2.46,0.176,2.46,21.48
overfit_n1_linear_unf1_lora1_lr0.001_els1_ctc1_bs16_ep200,173,0.343,0.065,3.046,3.046,0.127,140.084,100.0,131100.0,0.007,0.0001175,0.573,21.48,2.281,0.166,2.281,21.48
overfit_n1_linear_unf1_lora1_lr0.001_els1_ctc1_bs16_ep200,174,0.344,0.065,3.511,3.511,0.127,220.172,100.0,131100.0,0.007,0.0001171,0.573,21.48,2.556,0.172,2.556,21.48
overfit_n1_linear_unf1_lora1_lr0.001_els1_ctc1_bs16_ep200,175,0.342,0.065,3.479,3.479,0.127,131.21,100.0,131100.0,0.007,0.0001168,0.571,21.48,2.45,0.174,2.45,21.48
overfit_n1_linear_unf1_lora1_lr0.001_els1_ctc1_bs16_ep200,176,0.342,0.065,2.923,2.923,0.128,92.177,100.0,131100.0,0.007,0.0001165,0.572,21.48,2.319,0.167,2.319,21.48
overfit_n1_linear_unf1_lora1_lr0.001_els1_ctc1_bs16_ep200,177,0.343,0.065,3.111,3.111,0.128,122.939,100.0,131100.0,0.007,0.0001161,0.572,21.48,2.297,0.161,2.297,21.48
overfit_n1_linear_unf1_lora1_lr0.001_els1_ctc1_bs16_ep200,178,0.347,0.065,3.039,3.039,0.127,152.007,100.0,131100.0,0.007,0.0001158,0.577,21.48,2.334,0.176,2.334,21.48
overfit_n1_linear_unf1_lora1_lr0.001_els1_ctc1_bs16_ep200,179,0.344,0.065,2.805,2.805,0.128,117.152,100.0,131100.0,0.007,0.0001155,0.574,21.48,2.303,0.153,2.303,21.48
overfit_n1_linear_unf1_lora1_lr0.001_els1_ctc1_bs16_ep200,180,0.342,0.065,2.859,2.859,0.127,120.167,100.0,131100.0,0.007,0.0001151,0.572,21.48,2.252,0.148,2.252,21.48
overfit_n1_linear_unf1_lora1_lr0.001_els1_ctc1_bs16_ep200,181,0.344,0.066,2.978,2.978,0.127,143.956,100.0,131100.0,0.007,0.0001148,0.574,21.48,2.077,0.143,2.077,21.48
overfit_n1_linear_unf1_lora1_lr0.001_els1_ctc1_bs16_ep200,182,0.342,0.065,3.041,3.041,0.127,154.181,100.0,131100.0,0.008,0.0001145,0.572,21.48,2.583,0.179,2.583,21.48
overfit_n1_linear_unf1_lora1_lr0.001_els1_ctc1_bs16_ep200,183,0.343,0.066,2.808,2.808,0.127,105.962,100.0,131100.0,0.007,0.0001142,0.573,21.48,2.014,0.147,2.014,21.48
overfit_n1_linear_unf1_lora1_lr0.001_els1_ctc1_bs16_ep200,184,0.341,0.065,2.863,2.863,0.127,95.245,100.0,131100.0,0.007,0.0001139,0.593,21.48,1.999,0.142,1.999,21.48
overfit_n1_linear_unf1_lora1_lr0.001_els1_ctc1_bs16_ep200,185,0.343,0.065,3.146,3.146,0.127,117.017,100.0,131100.0,0.007,0.0001136,0.572,21.48,2.216,0.15,2.216,21.48
overfit_n1_linear_unf1_lora1_lr0.001_els1_ctc1_bs16_ep200,186,0.342,0.065,2.866,2.866,0.128,132.608,100.0,131100.0,0.007,0.0001133,0.572,21.48,2.115,0.143,2.115,21.48
overfit_n1_linear_unf1_lora1_lr0.001_els1_ctc1_bs16_ep200,187,0.344,0.065,2.842,2.842,0.128,107.458,100.0,131100.0,0.007,0.000113,0.574,21.48,2.342,0.157,2.342,21.48
overfit_n1_linear_unf1_lora1_lr0.001_els1_ctc1_bs16_ep200,188,0.345,0.065,2.913,2.913,0.127,104.929,100.0,131100.0,0.007,0.0001127,0.575,21.48,2.242,0.148,2.242,21.48
overfit_n1_linear_unf1_lora1_lr0.001_els1_ctc1_bs16_ep200,189,0.345,0.073,2.933,2.933,0.128,112.241,100.0,131100.0,0.008,0.0001124,0.583,21.48,2.33,0.155,2.33,21.48
overfit_n1_linear_unf1_lora1_lr0.001_els1_ctc1_bs16_ep200,190,0.345,0.066,3.003,3.003,0.127,126.828,100.0,131100.0,0.007,0.0001121,0.574,21.48,1.918,0.132,1.918,21.48
overfit_n1_linear_unf1_lora1_lr0.001_els1_ctc1_bs16_ep200,191,0.35,0.066,2.782,2.782,0.127,149.959,100.0,199700.0,0.007,0.0001118,0.58,21.48,1.893,0.133,1.893,21.48
overfit_n1_linear_unf1_lora1_lr0.001_els1_ctc1_bs16_ep200,192,0.348,0.065,2.669,2.669,0.127,151.772,100.0,262100.0,0.007,0.0001115,0.577,21.48,2.102,0.134,2.102,21.48
overfit_n1_linear_unf1_lora1_lr0.001_els1_ctc1_bs16_ep200,193,0.344,0.065,2.763,2.763,0.127,108.944,100.0,262100.0,0.007,0.0001112,0.573,21.48,2.028,0.136,2.028,21.48
overfit_n1_linear_unf1_lora1_lr0.001_els1_ctc1_bs16_ep200,194,0.346,0.065,2.841,2.841,0.127,149.769,100.0,262100.0,0.007,0.0001109,0.575,21.48,2.322,0.149,2.322,21.48
overfit_n1_linear_unf1_lora1_lr0.001_els1_ctc1_bs16_ep200,195,0.344,0.065,2.695,2.695,0.127,113.693,100.0,262100.0,0.007,0.0001106,0.574,21.48,1.782,0.12,1.782,21.48
overfit_n1_linear_unf1_lora1_lr0.001_els1_ctc1_bs16_ep200,196,0.342,0.065,2.672,2.672,0.127,109.686,100.0,262100.0,0.007,0.0001103,0.572,21.48,1.743,0.118,1.743,21.48
overfit_n1_linear_unf1_lora1_lr0.001_els1_ctc1_bs16_ep200,197,0.342,0.065,2.599,2.599,0.127,131.597,100.0,262100.0,0.007,0.0001101,0.571,21.48,1.945,0.131,1.945,21.48
overfit_n1_linear_unf1_lora1_lr0.001_els1_ctc1_bs16_ep200,198,0.347,0.065,2.683,2.683,0.127,93.583,100.0,262100.0,0.007,0.0001098,0.577,21.48,2.257,0.155,2.257,21.48
overfit_n1_linear_unf1_lora1_lr0.001_els1_ctc1_bs16_ep200,199,0.348,0.066,2.806,2.806,0.127,96.371,100.0,262100.0,0.007,0.0001095,0.578,21.48,1.724,0.117,1.724,21.48
overfit_n1_linear_unf1_lora1_lr0.001_els1_ctc1_bs16_ep200,200,0.347,0.066,2.737,2.737,0.127,147.494,100.0,262100.0,0.007,0.0001092,0.577,21.48,2.184,0.151,2.184,21.48
