exp_tag,epoch,train_iter_time,train_forward_time,train_loss_ctc,train_loss_interctc_layer2,train_loss_interctc_layer4,train_loss,train_backward_time,train_grad_norm,train_clip,train_loss_scale,train_optim_step_time,train_optim0_lr0,train_optim0_lr1,train_train_time,train_gpu_max_cached_mem_GB,valid_loss_ctc,valid_cer_ctc,valid_loss_interctc_layer2,valid_cer_interctc_layer2,valid_loss_interctc_layer4,valid_cer_interctc_layer4,valid_loss,valid_gpu_max_cached_mem_GB
deep_n45_deepd512b2s4_ic0.3_sess_char_unf1_lora1_lr0.001_els0.05_ctc1_bs32_ep150,1,0.783,0.166,264.788,322.934,250.667,271.392,0.133,6859.0,100.0,65540.0,0.009,6.375e-05,3.187e-06,1.256,21.65,182.997,0.851,411.817,0.899,177.514,0.859,216.497,21.65
deep_n45_deepd512b2s4_ic0.3_sess_char_unf1_lora1_lr0.001_els0.05_ctc1_bs32_ep150,2,0.794,0.16,92.546,87.207,101.187,93.042,0.129,428.94,100.0,65540.0,0.009,0.0001898,9.488e-06,1.26,21.65,122.439,0.909,302.805,0.939,145.628,0.848,152.972,21.65
deep_n45_deepd512b2s4_ic0.3_sess_char_unf1_lora1_lr0.001_els0.05_ctc1_bs32_ep150,3,0.802,0.161,84.318,86.315,89.365,85.375,0.129,198.54,100.0,65540.0,0.009,0.0003158,1.579e-05,1.269,21.65,91.918,0.921,102.177,0.966,94.464,0.884,93.839,21.65
deep_n45_deepd512b2s4_ic0.3_sess_char_unf1_lora1_lr0.001_els0.05_ctc1_bs32_ep150,4,0.808,0.16,84.086,85.442,87.127,84.746,0.13,175.926,100.0,65540.0,0.009,0.0004417,2.209e-05,1.275,21.65,92.553,0.934,100.999,1.0,103.714,0.902,95.494,21.65
deep_n45_deepd512b2s4_ic0.3_sess_char_unf1_lora1_lr0.001_els0.05_ctc1_bs32_ep150,5,0.809,0.161,83.574,85.088,85.924,84.154,0.129,175.946,100.0,65540.0,0.009,0.0005678,2.839e-05,1.275,21.686,90.491,0.95,103.168,0.998,96.161,0.925,93.243,21.686
deep_n45_deepd512b2s4_ic0.3_sess_char_unf1_lora1_lr0.001_els0.05_ctc1_bs32_ep150,6,0.813,0.161,79.97,85.116,85.797,81.616,0.13,153.009,100.0,65540.0,0.009,0.0006938,3.469e-05,1.28,21.771,85.848,0.96,102.694,0.968,98.183,0.923,90.225,21.771
deep_n45_deepd512b2s4_ic0.3_sess_char_unf1_lora1_lr0.001_els0.05_ctc1_bs32_ep150,7,0.811,0.162,76.522,83.129,85.572,78.871,0.129,125.591,100.0,65540.0,0.009,0.0008198,4.099e-05,1.278,21.771,82.153,0.925,91.484,0.968,93.086,0.919,85.192,21.771
deep_n45_deepd512b2s4_ic0.3_sess_char_unf1_lora1_lr0.001_els0.05_ctc1_bs32_ep150,8,0.81,0.161,74.247,79.512,85.355,76.703,0.13,109.759,100.0,69700.0,0.009,0.0009453,4.726e-05,1.276,21.771,79.254,0.834,85.21,0.914,92.437,0.941,82.125,21.771
deep_n45_deepd512b2s4_ic0.3_sess_char_unf1_lora1_lr0.001_els0.05_ctc1_bs32_ep150,9,0.814,0.161,72.223,77.223,84.281,74.782,0.129,92.444,100.0,131100.0,0.009,0.0009664,4.832e-05,1.28,21.771,78.178,0.828,84.929,0.852,92.527,0.963,81.343,21.771
deep_n45_deepd512b2s4_ic0.3_sess_char_unf1_lora1_lr0.001_els0.05_ctc1_bs32_ep150,10,0.816,0.161,70.722,74.883,82.987,73.186,0.129,79.483,100.0,131100.0,0.009,0.000914,4.57e-05,1.282,21.771,77.717,0.809,81.355,0.828,92.522,0.964,80.483,21.771
deep_n45_deepd512b2s4_ic0.3_sess_char_unf1_lora1_lr0.001_els0.05_ctc1_bs32_ep150,11,0.821,0.161,69.477,72.927,82.446,71.94,0.129,76.222,100.0,131100.0,0.009,0.0008694,4.347e-05,1.287,21.771,75.727,0.807,79.23,0.834,91.031,0.95,78.548,21.771
deep_n45_deepd512b2s4_ic0.3_sess_char_unf1_lora1_lr0.001_els0.05_ctc1_bs32_ep150,12,0.816,0.161,68.336,71.679,82.123,70.906,0.129,72.75,100.0,131100.0,0.009,0.0008307,4.154e-05,1.282,21.771,75.256,0.792,78.692,0.808,92.916,0.937,78.42,21.771
deep_n45_deepd512b2s4_ic0.3_sess_char_unf1_lora1_lr0.001_els0.05_ctc1_bs32_ep150,13,0.814,0.16,67.104,70.467,81.659,69.792,0.129,77.586,100.0,131100.0,0.009,0.0007968,3.984e-05,1.28,21.771,74.94,0.8,78.721,0.805,90.403,0.933,77.827,21.771
deep_n45_deepd512b2s4_ic0.3_sess_char_unf1_lora1_lr0.001_els0.05_ctc1_bs32_ep150,14,0.815,0.161,65.66,69.326,81.111,68.527,0.129,73.85,100.0,131100.0,0.009,0.0007667,3.834e-05,1.281,21.771,73.232,0.779,75.212,0.788,90.359,0.933,76.098,21.771
deep_n45_deepd512b2s4_ic0.3_sess_char_unf1_lora1_lr0.001_els0.05_ctc1_bs32_ep150,15,0.833,0.161,64.164,67.911,80.883,67.234,0.129,68.087,100.0,131100.0,0.009,0.0007398,3.699e-05,1.299,21.771,71.244,0.765,74.14,0.789,89.725,0.912,74.451,21.771
deep_n45_deepd512b2s4_ic0.3_sess_char_unf1_lora1_lr0.001_els0.05_ctc1_bs32_ep150,16,0.818,0.161,62.998,67.168,80.866,66.303,0.129,70.905,100.0,147700.0,0.009,0.0007155,3.578e-05,1.284,21.775,70.381,0.747,73.395,0.777,89.974,0.929,73.772,21.775
deep_n45_deepd512b2s4_ic0.3_sess_char_unf1_lora1_lr0.001_els0.05_ctc1_bs32_ep150,17,0.823,0.16,61.169,65.758,80.766,64.797,0.129,70.428,100.0,262100.0,0.009,0.0006935,3.467e-05,1.289,21.775,68.955,0.753,71.606,0.77,89.504,0.936,72.435,21.775
deep_n45_deepd512b2s4_ic0.3_sess_char_unf1_lora1_lr0.001_els0.05_ctc1_bs32_ep150,18,0.816,0.161,59.725,64.711,80.308,63.561,0.129,72.125,100.0,262100.0,0.009,0.0006734,3.367e-05,1.282,21.775,66.364,0.728,70.919,0.765,88.13,0.901,70.312,21.775
deep_n45_deepd512b2s4_ic0.3_sess_char_unf1_lora1_lr0.001_els0.05_ctc1_bs32_ep150,19,0.814,0.161,57.976,63.392,80.155,62.115,0.129,74.343,100.0,262100.0,0.009,0.0006549,3.275e-05,1.28,21.775,66.037,0.726,69.993,0.766,88.752,0.921,70.038,21.775
deep_n45_deepd512b2s4_ic0.3_sess_char_unf1_lora1_lr0.001_els0.05_ctc1_bs32_ep150,20,0.812,0.16,57.208,62.596,80.007,61.436,0.13,74.998,100.0,262100.0,0.009,0.0006379,3.19e-05,1.278,21.775,65.283,0.708,69.389,0.737,89.469,0.917,69.527,21.775
deep_n45_deepd512b2s4_ic0.3_sess_char_unf1_lora1_lr0.001_els0.05_ctc1_bs32_ep150,21,0.816,0.161,56.166,61.716,79.866,60.553,0.129,78.052,100.0,262100.0,0.009,0.0006222,3.111e-05,1.281,21.775,66.927,0.709,70.754,0.747,88.497,0.907,70.737,21.775
deep_n45_deepd512b2s4_ic0.3_sess_char_unf1_lora1_lr0.001_els0.05_ctc1_bs32_ep150,22,0.825,0.161,55.102,60.759,79.638,59.631,0.129,76.856,100.0,262100.0,0.009,0.0006075,3.038e-05,1.291,21.775,65.126,0.711,67.704,0.737,89.177,0.909,69.121,21.775
deep_n45_deepd512b2s4_ic0.3_sess_char_unf1_lora1_lr0.001_els0.05_ctc1_bs32_ep150,23,0.82,0.161,54.088,60.031,79.295,58.76,0.129,79.502,100.0,262100.0,0.009,0.0005939,2.969e-05,1.285,21.775,64.255,0.697,68.29,0.737,88.403,0.906,68.482,21.775
deep_n45_deepd512b2s4_ic0.3_sess_char_unf1_lora1_lr0.001_els0.05_ctc1_bs32_ep150,24,0.818,0.161,53.259,59.318,79.079,58.041,0.129,78.087,100.0,312100.0,0.009,0.0005811,2.905e-05,1.284,21.775,63.585,0.684,66.985,0.722,87.475,0.893,67.679,21.775
deep_n45_deepd512b2s4_ic0.3_sess_char_unf1_lora1_lr0.001_els0.05_ctc1_bs32_ep150,25,0.819,0.161,52.431,58.565,78.842,57.313,0.129,77.152,100.0,524300.0,0.009,0.0005691,2.846e-05,1.285,21.775,63.116,0.687,66.62,0.718,87.553,0.893,67.307,21.775
deep_n45_deepd512b2s4_ic0.3_sess_char_unf1_lora1_lr0.001_els0.05_ctc1_bs32_ep150,26,0.814,0.161,51.152,57.611,78.414,56.21,0.129,74.392,100.0,524300.0,0.009,0.0005578,2.789e-05,1.28,21.775,61.563,0.669,66.361,0.713,87.153,0.87,66.121,21.775
deep_n45_deepd512b2s4_ic0.3_sess_char_unf1_lora1_lr0.001_els0.05_ctc1_bs32_ep150,27,0.821,0.161,50.447,57.099,78.329,55.627,0.129,77.967,100.0,524300.0,0.009,0.0005472,2.736e-05,1.287,21.775,61.549,0.672,65.527,0.712,87.336,0.878,66.014,21.775
deep_n45_deepd512b2s4_ic0.3_sess_char_unf1_lora1_lr0.001_els0.05_ctc1_bs32_ep150,28,0.817,0.16,49.559,56.308,78.052,54.845,0.13,76.21,100.0,524300.0,0.009,0.0005372,2.686e-05,1.282,21.775,61.317,0.667,65.239,0.701,86.593,0.885,65.697,21.775
deep_n45_deepd512b2s4_ic0.3_sess_char_unf1_lora1_lr0.001_els0.05_ctc1_bs32_ep150,29,0.815,0.161,48.602,55.477,77.815,54.015,0.129,76.351,100.0,524300.0,0.009,0.0005277,2.638e-05,1.281,21.775,62.202,0.662,65.318,0.703,87.22,0.871,66.422,21.775
deep_n45_deepd512b2s4_ic0.3_sess_char_unf1_lora1_lr0.001_els0.05_ctc1_bs32_ep150,30,0.817,0.16,47.716,54.736,77.615,53.254,0.129,77.978,100.0,524300.0,0.009,0.0005187,2.593e-05,1.283,21.775,59.388,0.649,64.163,0.689,86.18,0.872,64.123,21.775
deep_n45_deepd512b2s4_ic0.3_sess_char_unf1_lora1_lr0.001_els0.05_ctc1_bs32_ep150,31,0.814,0.16,47.117,54.268,77.414,52.734,0.129,77.297,100.0,524300.0,0.009,0.0005101,2.55e-05,1.28,21.775,59.746,0.652,63.817,0.688,86.165,0.873,64.319,21.775
deep_n45_deepd512b2s4_ic0.3_sess_char_unf1_lora1_lr0.001_els0.05_ctc1_bs32_ep150,32,0.817,0.161,46.461,53.667,77.2,52.152,0.129,80.93,100.0,657400.0,0.009,0.0005019,2.51e-05,1.283,21.775,59.083,0.642,63.814,0.684,85.587,0.868,63.768,21.775
deep_n45_deepd512b2s4_ic0.3_sess_char_unf1_lora1_lr0.001_els0.05_ctc1_bs32_ep150,33,0.821,0.161,45.695,53.15,77.091,51.522,0.129,79.153,100.0,1049000.0,0.009,0.0004941,2.471e-05,1.287,21.775,61.038,0.643,63.581,0.679,85.616,0.857,65.106,21.775
deep_n45_deepd512b2s4_ic0.3_sess_char_unf1_lora1_lr0.001_els0.05_ctc1_bs32_ep150,34,0.817,0.161,44.914,52.613,76.866,50.862,0.13,78.452,100.0,1049000.0,0.009,0.0004867,2.434e-05,1.283,21.775,58.911,0.635,62.666,0.674,85.212,0.865,63.42,21.775
deep_n45_deepd512b2s4_ic0.3_sess_char_unf1_lora1_lr0.001_els0.05_ctc1_bs32_ep150,35,0.815,0.161,43.997,51.694,76.618,50.044,0.129,75.659,100.0,1049000.0,0.009,0.0004796,2.398e-05,1.282,21.775,59.28,0.636,62.939,0.677,86.681,0.879,63.939,21.775
deep_n45_deepd512b2s4_ic0.3_sess_char_unf1_lora1_lr0.001_els0.05_ctc1_bs32_ep150,36,0.82,0.161,43.1,51.099,76.469,49.305,0.129,82.148,100.0,1049000.0,0.009,0.0004728,2.364e-05,1.287,21.775,58.648,0.628,61.689,0.682,85.156,0.871,63.08,21.775
deep_n45_deepd512b2s4_ic0.3_sess_char_unf1_lora1_lr0.001_els0.05_ctc1_bs32_ep150,37,0.813,0.16,42.554,50.653,76.203,48.816,0.129,77.769,100.0,1049000.0,0.009,0.0004663,2.331e-05,1.278,21.775,58.258,0.629,61.417,0.675,84.759,0.864,62.707,21.775
deep_n45_deepd512b2s4_ic0.3_sess_char_unf1_lora1_lr0.001_els0.05_ctc1_bs32_ep150,38,0.817,0.16,41.632,49.743,75.912,47.991,0.129,75.004,100.0,1049000.0,0.009,0.00046,2.3e-05,1.283,21.775,57.539,0.621,61.024,0.665,84.518,0.857,62.108,21.775
deep_n45_deepd512b2s4_ic0.3_sess_char_unf1_lora1_lr0.001_els0.05_ctc1_bs32_ep150,39,0.816,0.161,41.089,49.365,75.788,47.536,0.129,78.392,100.0,1049000.0,0.009,0.000454,2.27e-05,1.282,21.775,59.388,0.622,61.744,0.667,85.589,0.866,63.671,21.775
deep_n45_deepd512b2s4_ic0.3_sess_char_unf1_lora1_lr0.001_els0.05_ctc1_bs32_ep150,40,0.818,0.16,40.169,48.605,75.666,46.759,0.129,78.841,100.0,1381000.0,0.009,0.0004482,2.241e-05,1.283,21.775,57.183,0.607,60.081,0.653,84.264,0.856,61.68,21.775
deep_n45_deepd512b2s4_ic0.3_sess_char_unf1_lora1_lr0.001_els0.05_ctc1_bs32_ep150,41,0.821,0.161,39.283,47.978,75.496,46.019,0.129,77.287,100.0,2097000.0,0.009,0.0004427,2.213e-05,1.288,21.775,59.326,0.61,61.723,0.661,85.46,0.87,63.606,21.775
deep_n45_deepd512b2s4_ic0.3_sess_char_unf1_lora1_lr0.001_els0.05_ctc1_bs32_ep150,42,0.858,0.161,38.884,47.59,75.34,45.658,0.13,77.173,100.0,2097000.0,0.009,0.0004373,2.186e-05,1.325,21.775,56.634,0.607,60.069,0.655,84.465,0.856,61.324,21.775
deep_n45_deepd512b2s4_ic0.3_sess_char_unf1_lora1_lr0.001_els0.05_ctc1_bs32_ep150,43,0.874,0.161,37.947,46.799,75.149,44.855,0.13,77.946,100.0,2097000.0,0.01,0.0004321,2.161e-05,1.341,21.775,57.688,0.594,60.181,0.65,84.134,0.854,62.029,21.775
deep_n45_deepd512b2s4_ic0.3_sess_char_unf1_lora1_lr0.001_els0.05_ctc1_bs32_ep150,44,0.867,0.161,37.624,46.564,74.98,44.569,0.13,80.979,100.0,2097000.0,0.009,0.0004271,2.136e-05,1.334,21.775,57.135,0.589,59.555,0.634,83.773,0.832,61.494,21.775
deep_n45_deepd512b2s4_ic0.3_sess_char_unf1_lora1_lr0.001_els0.05_ctc1_bs32_ep150,45,0.863,0.161,36.675,45.939,74.83,43.788,0.13,78.442,100.0,2097000.0,0.009,0.0004223,2.111e-05,1.33,21.775,56.27,0.59,59.464,0.636,83.8,0.857,60.878,21.775
deep_n45_deepd512b2s4_ic0.3_sess_char_unf1_lora1_lr0.001_els0.05_ctc1_bs32_ep150,46,0.864,0.161,35.804,45.13,74.635,43.027,0.13,78.153,100.0,2097000.0,0.009,0.0004176,2.088e-05,1.332,21.775,57.262,0.591,59.361,0.637,83.547,0.834,61.52,21.775
deep_n45_deepd512b2s4_ic0.3_sess_char_unf1_lora1_lr0.001_els0.05_ctc1_bs32_ep150,47,0.86,0.161,35.349,44.816,74.505,42.642,0.13,79.152,100.0,2097000.0,0.009,0.0004131,2.066e-05,1.328,21.775,56.938,0.585,58.901,0.638,83.737,0.844,61.252,21.775
deep_n45_deepd512b2s4_ic0.3_sess_char_unf1_lora1_lr0.001_els0.05_ctc1_bs32_ep150,48,0.869,0.161,34.732,44.133,74.221,42.065,0.13,77.95,100.0,2896000.0,0.009,0.0004087,2.044e-05,1.337,21.775,55.855,0.577,58.586,0.63,83.344,0.835,60.388,21.775
deep_n45_deepd512b2s4_ic0.3_sess_char_unf1_lora1_lr0.001_els0.05_ctc1_bs32_ep150,49,0.869,0.162,34.17,43.599,74.075,41.57,0.13,76.955,100.0,4194000.0,0.01,0.0004045,2.023e-05,1.337,21.775,56.656,0.573,58.771,0.627,83.466,0.834,60.995,21.775
deep_n45_deepd512b2s4_ic0.3_sess_char_unf1_lora1_lr0.001_els0.05_ctc1_bs32_ep150,50,0.876,0.163,33.136,42.936,73.847,40.713,0.13,78.862,100.0,4194000.0,0.01,0.0004004,2.002e-05,1.346,21.775,56.191,0.573,58.723,0.631,83.597,0.843,60.682,21.775
deep_n45_deepd512b2s4_ic0.3_sess_char_unf1_lora1_lr0.001_els0.05_ctc1_bs32_ep150,51,0.839,0.164,32.645,42.5,73.849,40.304,0.131,77.849,100.0,4194000.0,0.009,0.0003964,1.982e-05,1.313,21.775,55.734,0.566,58.084,0.621,82.95,0.831,60.169,21.775
deep_n45_deepd512b2s4_ic0.3_sess_char_unf1_lora1_lr0.001_els0.05_ctc1_bs32_ep150,52,0.858,0.163,32.031,41.973,73.531,39.747,0.131,77.547,100.0,4194000.0,0.009,0.0003925,1.963e-05,1.33,21.775,58.03,0.567,58.862,0.617,82.867,0.831,61.88,21.775
deep_n45_deepd512b2s4_ic0.3_sess_char_unf1_lora1_lr0.001_els0.05_ctc1_bs32_ep150,53,0.863,0.162,31.448,41.477,73.294,39.229,0.13,78.608,100.0,4194000.0,0.009,0.0003888,1.944e-05,1.332,21.777,55.616,0.558,57.916,0.611,82.897,0.83,60.053,21.777
deep_n45_deepd512b2s4_ic0.3_sess_char_unf1_lora1_lr0.001_els0.05_ctc1_bs32_ep150,54,0.865,0.162,30.728,41.032,73.044,38.621,0.13,78.025,100.0,4194000.0,0.009,0.0003851,1.926e-05,1.334,21.777,58.092,0.56,58.317,0.605,82.329,0.81,61.761,21.777
deep_n45_deepd512b2s4_ic0.3_sess_char_unf1_lora1_lr0.001_els0.05_ctc1_bs32_ep150,55,0.861,0.161,30.341,40.609,72.874,38.261,0.13,77.504,100.0,4194000.0,0.009,0.0003816,1.908e-05,1.329,21.777,57.126,0.558,57.913,0.613,83.005,0.828,61.126,21.777
deep_n45_deepd512b2s4_ic0.3_sess_char_unf1_lora1_lr0.001_els0.05_ctc1_bs32_ep150,56,0.858,0.161,29.39,39.814,72.519,37.423,0.13,76.924,100.0,6058000.0,0.009,0.0003781,1.891e-05,1.327,21.777,54.594,0.55,57.133,0.602,82.147,0.816,59.108,21.777
deep_n45_deepd512b2s4_ic0.3_sess_char_unf1_lora1_lr0.001_els0.05_ctc1_bs32_ep150,57,0.856,0.163,28.879,39.512,72.455,37.011,0.131,77.85,100.0,8389000.0,0.009,0.0003748,1.874e-05,1.327,21.777,57.169,0.549,57.342,0.6,82.17,0.816,60.945,21.777
deep_n45_deepd512b2s4_ic0.3_sess_char_unf1_lora1_lr0.001_els0.05_ctc1_bs32_ep150,58,0.871,0.164,28.314,38.929,72.149,36.481,0.131,72.577,100.0,8389000.0,0.01,0.0003715,1.858e-05,1.345,21.777,57.982,0.546,57.657,0.6,82.009,0.812,61.537,21.777
deep_n45_deepd512b2s4_ic0.3_sess_char_unf1_lora1_lr0.001_els0.05_ctc1_bs32_ep150,59,0.845,0.163,27.799,38.459,71.89,36.011,0.131,76.567,100.0,8389000.0,0.009,0.0003683,1.842e-05,1.318,21.777,58.419,0.546,57.903,0.594,81.795,0.814,61.848,21.777
deep_n45_deepd512b2s4_ic0.3_sess_char_unf1_lora1_lr0.001_els0.05_ctc1_bs32_ep150,60,0.865,0.163,27.198,37.938,71.722,35.488,0.131,74.74,100.0,8389000.0,0.01,0.0003652,1.826e-05,1.339,21.777,57.062,0.544,57.243,0.599,81.808,0.813,60.801,21.777
deep_n45_deepd512b2s4_ic0.3_sess_char_unf1_lora1_lr0.001_els0.05_ctc1_bs32_ep150,61,0.875,0.161,26.42,37.379,71.332,34.8,0.13,79.149,100.0,8389000.0,0.01,0.0003622,1.811e-05,1.343,21.777,58.578,0.541,57.621,0.591,81.876,0.807,61.929,21.777
deep_n45_deepd512b2s4_ic0.3_sess_char_unf1_lora1_lr0.001_els0.05_ctc1_bs32_ep150,62,0.867,0.162,26.214,37.154,71.138,34.594,0.129,78.693,100.0,8389000.0,0.009,0.0003592,1.796e-05,1.335,21.777,58.813,0.541,57.987,0.593,81.682,0.802,62.119,21.777
deep_n45_deepd512b2s4_ic0.3_sess_char_unf1_lora1_lr0.001_els0.05_ctc1_bs32_ep150,63,0.868,0.161,25.69,36.75,70.931,34.135,0.13,78.089,100.0,8389000.0,0.009,0.0003563,1.782e-05,1.336,21.777,58.346,0.541,57.44,0.593,81.538,0.808,61.689,21.777
deep_n45_deepd512b2s4_ic0.3_sess_char_unf1_lora1_lr0.001_els0.05_ctc1_bs32_ep150,64,0.874,0.161,24.972,36.175,70.679,33.509,0.13,77.967,100.0,12650000.0,0.01,0.0003535,1.768e-05,1.341,21.777,58.309,0.538,56.773,0.588,81.119,0.802,61.5,21.777
deep_n45_deepd512b2s4_ic0.3_sess_char_unf1_lora1_lr0.001_els0.05_ctc1_bs32_ep150,65,0.871,0.161,24.529,35.653,70.328,33.067,0.13,73.585,100.0,16780000.0,0.009,0.0003508,1.754e-05,1.338,21.777,60.783,0.538,58.465,0.588,82.612,0.806,63.71,21.777
deep_n45_deepd512b2s4_ic0.3_sess_char_unf1_lora1_lr0.001_els0.05_ctc1_bs32_ep150,66,0.865,0.161,24.426,35.467,70.143,32.94,0.129,80.706,100.0,16780000.0,0.009,0.0003481,1.74e-05,1.331,21.777,60.109,0.538,57.203,0.587,81.236,0.8,62.842,21.777
deep_n45_deepd512b2s4_ic0.3_sess_char_unf1_lora1_lr0.001_els0.05_ctc1_bs32_ep150,67,0.868,0.162,23.847,35.094,69.849,32.434,0.129,76.872,100.0,16780000.0,0.009,0.0003455,1.727e-05,1.336,21.777,60.591,0.535,58.005,0.584,80.914,0.794,63.251,21.777
deep_n45_deepd512b2s4_ic0.3_sess_char_unf1_lora1_lr0.001_els0.05_ctc1_bs32_ep150,68,0.867,0.161,23.318,34.779,69.677,31.991,0.129,75.456,100.0,16780000.0,0.009,0.0003429,1.714e-05,1.334,21.777,62.43,0.532,58.492,0.576,80.794,0.781,64.594,21.777
deep_n45_deepd512b2s4_ic0.3_sess_char_unf1_lora1_lr0.001_els0.05_ctc1_bs32_ep150,69,0.868,0.161,22.559,34.072,69.257,31.291,0.13,75.297,100.0,16780000.0,0.01,0.0003404,1.702e-05,1.335,21.777,59.185,0.528,57.573,0.575,80.444,0.79,62.132,21.777
deep_n45_deepd512b2s4_ic0.3_sess_char_unf1_lora1_lr0.001_els0.05_ctc1_bs32_ep150,70,0.867,0.161,22.284,33.784,69.125,31.035,0.13,74.756,100.0,16780000.0,0.01,0.0003379,1.69e-05,1.334,21.777,60.121,0.524,57.838,0.575,80.779,0.79,62.877,21.777
deep_n45_deepd512b2s4_ic0.3_sess_char_unf1_lora1_lr0.001_els0.05_ctc1_bs32_ep150,71,0.87,0.161,21.66,33.305,68.752,30.471,0.129,73.753,100.0,16780000.0,0.009,0.0003355,1.678e-05,1.337,21.777,64.034,0.53,58.567,0.577,80.926,0.79,65.748,21.777
deep_n45_deepd512b2s4_ic0.3_sess_char_unf1_lora1_lr0.001_els0.05_ctc1_bs32_ep150,72,0.866,0.162,21.199,32.915,68.456,30.045,0.129,73.275,100.0,26360000.0,0.009,0.0003332,1.666e-05,1.334,21.777,62.354,0.526,58.807,0.575,80.51,0.785,64.545,21.777
deep_n45_deepd512b2s4_ic0.3_sess_char_unf1_lora1_lr0.001_els0.05_ctc1_bs32_ep150,73,0.866,0.161,20.878,32.538,68.257,29.734,0.13,72.475,100.0,33550000.0,0.009,0.0003308,1.654e-05,1.333,21.777,61.504,0.528,58.403,0.573,80.146,0.784,63.835,21.777
deep_n45_deepd512b2s4_ic0.3_sess_char_unf1_lora1_lr0.001_els0.05_ctc1_bs32_ep150,74,0.864,0.161,20.547,32.196,68.111,29.429,0.129,76.184,100.0,33550000.0,0.009,0.0003286,1.643e-05,1.332,21.777,63.166,0.523,58.906,0.567,80.042,0.769,65.058,21.777
deep_n45_deepd512b2s4_ic0.3_sess_char_unf1_lora1_lr0.001_els0.05_ctc1_bs32_ep150,75,0.873,0.161,19.99,31.765,67.737,28.919,0.13,73.331,100.0,33550000.0,0.01,0.0003264,1.632e-05,1.34,21.777,61.912,0.525,58.429,0.569,79.774,0.779,64.069,21.777
deep_n45_deepd512b2s4_ic0.3_sess_char_unf1_lora1_lr0.001_els0.05_ctc1_bs32_ep150,76,0.868,0.161,19.624,31.412,67.438,28.564,0.13,71.572,100.0,33550000.0,0.009,0.0003242,1.621e-05,1.334,21.777,63.046,0.523,58.378,0.569,79.598,0.776,64.828,21.777
deep_n45_deepd512b2s4_ic0.3_sess_char_unf1_lora1_lr0.001_els0.05_ctc1_bs32_ep150,77,0.87,0.161,18.987,30.894,67.066,27.985,0.13,72.947,100.0,33550000.0,0.01,0.0003221,1.61e-05,1.336,21.777,63.823,0.524,58.26,0.566,79.936,0.779,65.406,21.777
deep_n45_deepd512b2s4_ic0.3_sess_char_unf1_lora1_lr0.001_els0.05_ctc1_bs32_ep150,78,0.855,0.161,18.753,30.524,66.909,27.742,0.13,71.547,100.0,33550000.0,0.009,0.00032,1.6e-05,1.324,21.777,65.63,0.523,59.95,0.566,80.293,0.781,66.978,21.777
deep_n45_deepd512b2s4_ic0.3_sess_char_unf1_lora1_lr0.001_els0.05_ctc1_bs32_ep150,79,0.855,0.163,18.336,30.234,66.575,27.357,0.132,70.392,100.0,33550000.0,0.009,0.000318,1.59e-05,1.329,21.777,66.603,0.526,58.967,0.569,80.413,0.775,67.529,21.777
deep_n45_deepd512b2s4_ic0.3_sess_char_unf1_lora1_lr0.001_els0.05_ctc1_bs32_ep150,80,0.852,0.163,18.056,29.93,66.324,27.077,0.131,71.42,100.0,54860000.0,0.009,0.0003159,1.58e-05,1.326,21.777,66.16,0.53,59.857,0.569,79.23,0.768,67.175,21.777
deep_n45_deepd512b2s4_ic0.3_sess_char_unf1_lora1_lr0.001_els0.05_ctc1_bs32_ep150,81,0.855,0.163,17.538,29.402,66.042,26.593,0.131,71.32,100.0,67110000.0,0.009,0.000314,1.57e-05,1.329,21.777,66.334,0.518,59.49,0.566,79.07,0.766,67.218,21.777
deep_n45_deepd512b2s4_ic0.3_sess_char_unf1_lora1_lr0.001_els0.05_ctc1_bs32_ep150,82,0.844,0.163,17.368,29.204,65.651,26.386,0.131,70.186,100.0,67110000.0,0.009,0.000312,1.56e-05,1.317,21.777,64.927,0.519,60.774,0.566,79.445,0.771,66.482,21.777
deep_n45_deepd512b2s4_ic0.3_sess_char_unf1_lora1_lr0.001_els0.05_ctc1_bs32_ep150,83,0.857,0.164,17.05,28.84,65.373,26.067,0.131,69.878,100.0,67110000.0,0.009,0.0003102,1.551e-05,1.331,21.777,67.505,0.516,60.439,0.563,78.992,0.759,68.168,21.777
deep_n45_deepd512b2s4_ic0.3_sess_char_unf1_lora1_lr0.001_els0.05_ctc1_bs32_ep150,84,0.857,0.163,16.626,28.404,65.094,25.663,0.131,71.437,100.0,67110000.0,0.009,0.0003083,1.541e-05,1.33,21.777,69.08,0.516,60.907,0.565,79.183,0.765,69.37,21.777
deep_n45_deepd512b2s4_ic0.3_sess_char_unf1_lora1_lr0.001_els0.05_ctc1_bs32_ep150,85,0.859,0.163,16.231,28.161,64.946,25.328,0.131,70.57,100.0,67110000.0,0.009,0.0003065,1.532e-05,1.333,21.777,72.963,0.517,62.059,0.564,79.443,0.756,72.3,21.777
deep_n45_deepd512b2s4_ic0.3_sess_char_unf1_lora1_lr0.001_els0.05_ctc1_bs32_ep150,86,0.854,0.163,15.783,27.65,64.481,24.868,0.131,67.385,100.0,67110000.0,0.009,0.0003047,1.523e-05,1.327,21.777,70.216,0.514,60.565,0.561,79.38,0.765,70.143,21.777
deep_n45_deepd512b2s4_ic0.3_sess_char_unf1_lora1_lr0.001_els0.05_ctc1_bs32_ep150,87,0.851,0.163,15.708,27.359,64.287,24.743,0.131,68.313,100.0,67110000.0,0.009,0.0003029,1.514e-05,1.324,21.777,67.784,0.516,59.475,0.558,78.417,0.759,68.132,21.777
deep_n45_deepd512b2s4_ic0.3_sess_char_unf1_lora1_lr0.001_els0.05_ctc1_bs32_ep150,88,0.843,0.163,15.332,27.111,63.914,24.386,0.131,68.341,100.0,114000000.0,0.009,0.0003012,1.506e-05,1.316,21.777,69.885,0.517,61.245,0.561,78.874,0.761,69.938,21.777
deep_n45_deepd512b2s4_ic0.3_sess_char_unf1_lora1_lr0.001_els0.05_ctc1_bs32_ep150,89,0.838,0.164,14.932,26.559,63.567,23.971,0.131,66.261,100.0,134200000.0,0.009,0.0002995,1.497e-05,1.312,21.777,70.146,0.517,61.707,0.561,78.35,0.755,70.111,21.777
deep_n45_deepd512b2s4_ic0.3_sess_char_unf1_lora1_lr0.001_els0.05_ctc1_bs32_ep150,90,0.839,0.163,14.79,26.282,63.279,23.787,0.131,66.205,100.0,134200000.0,0.009,0.0002978,1.489e-05,1.312,21.777,71.189,0.523,61.74,0.558,78.418,0.757,70.856,21.777
