exp_tag,epoch,train_iter_time,train_forward_time,train_loss_ctc,train_loss_interctc_layer1,train_loss,train_backward_time,train_grad_norm,train_clip,train_loss_scale,train_optim_step_time,train_optim0_lr0,train_optim0_lr1,train_train_time,train_gpu_max_cached_mem_GB,valid_loss_ctc,valid_cer_ctc,valid_loss_interctc_layer1,valid_cer_interctc_layer1,valid_loss,valid_gpu_max_cached_mem_GB
F2L2_n45_deep_d512b2s2_char_initrandom_L2_sess_ep40_s2024_d6b3e1,1,0.557,0.052,322.574,321.162,161.075,0.018,1483.0,100.0,65540.0,0.003,8.5e-05,4.25e-06,1.332,21.779,238.724,0.92,244.007,0.92,240.309,21.779
F2L2_n45_deep_d512b2s2_char_initrandom_L2_sess_ep40_s2024_d6b3e1,2,0.54,0.052,166.721,176.047,84.759,0.017,493.66,85.714,65540.0,0.003,0.000253,1.265e-05,1.298,21.779,94.533,0.87,94.695,0.888,94.582,21.779
F2L2_n45_deep_d512b2s2_char_initrandom_L2_sess_ep40_s2024_d6b3e1,3,0.545,0.052,85.455,85.624,42.753,0.017,91.156,34.127,65540.0,0.003,0.000421,2.105e-05,1.312,21.779,93.862,0.861,94.248,0.879,93.977,21.779
F2L2_n45_deep_d512b2s2_char_initrandom_L2_sess_ep40_s2024_d6b3e1,4,0.541,0.052,81.255,81.639,40.685,0.017,74.115,19.048,65540.0,0.003,0.000589,2.945e-05,1.303,21.779,82.376,0.981,84.048,0.983,82.878,21.779
F2L2_n45_deep_d512b2s2_char_initrandom_L2_sess_ep40_s2024_d6b3e1,5,0.549,0.052,66.493,68.405,33.533,0.018,76.167,21.825,65540.0,0.003,0.000757,3.785e-05,1.321,21.779,66.425,0.819,68.808,0.832,67.14,21.779
F2L2_n45_deep_d512b2s2_char_initrandom_L2_sess_ep40_s2024_d6b3e1,6,0.551,0.052,55.191,57.342,27.918,0.017,63.38,8.73,65540.0,0.003,0.0009246,4.623e-05,1.324,21.779,57.424,0.696,59.651,0.728,58.092,21.779
F2L2_n45_deep_d512b2s2_char_initrandom_L2_sess_ep40_s2024_d6b3e1,7,0.553,0.052,47.639,50.067,24.184,0.017,54.456,1.984,65540.0,0.003,0.0009572,4.786e-05,1.323,21.779,52.019,0.641,54.581,0.678,52.788,21.779
F2L2_n45_deep_d512b2s2_char_initrandom_L2_sess_ep40_s2024_d6b3e1,8,0.55,0.052,41.374,43.937,21.071,0.017,45.623,0.794,69700.0,0.003,0.000891,4.455e-05,1.324,21.779,47.168,0.567,50.198,0.594,48.077,21.779
F2L2_n45_deep_d512b2s2_char_initrandom_L2_sess_ep40_s2024_d6b3e1,9,0.549,0.052,36.508,39.338,18.679,0.017,42.001,0.0,131100.0,0.003,0.0008369,4.184e-05,1.316,21.779,44.909,0.524,48.775,0.576,46.069,21.779
F2L2_n45_deep_d512b2s2_char_initrandom_L2_sess_ep40_s2024_d6b3e1,10,0.555,0.052,33.204,36.203,17.052,0.017,42.277,0.0,131100.0,0.003,0.0007916,3.958e-05,1.333,21.779,42.384,0.475,45.783,0.513,43.404,21.779
F2L2_n45_deep_d512b2s2_char_initrandom_L2_sess_ep40_s2024_d6b3e1,11,0.555,0.052,30.401,33.538,15.671,0.017,40.126,0.0,131100.0,0.003,0.0007529,3.765e-05,1.332,21.779,42.345,0.477,45.887,0.516,43.408,21.779
F2L2_n45_deep_d512b2s2_char_initrandom_L2_sess_ep40_s2024_d6b3e1,12,0.548,0.052,28.001,31.187,14.478,0.017,38.351,0.0,131100.0,0.003,0.0007194,3.597e-05,1.318,21.779,41.628,0.435,44.923,0.464,42.616,21.779
F2L2_n45_deep_d512b2s2_char_initrandom_L2_sess_ep40_s2024_d6b3e1,13,0.553,0.052,25.712,28.891,13.333,0.017,36.817,0.0,131100.0,0.003,0.00069,3.45e-05,1.328,21.779,40.5,0.436,44.265,0.474,41.63,21.779
F2L2_n45_deep_d512b2s2_char_initrandom_L2_sess_ep40_s2024_d6b3e1,14,0.557,0.052,23.848,26.982,12.394,0.017,36.353,0.0,131100.0,0.003,0.000664,3.32e-05,1.337,21.779,39.226,0.412,42.829,0.442,40.307,21.779
F2L2_n45_deep_d512b2s2_char_initrandom_L2_sess_ep40_s2024_d6b3e1,15,0.554,0.052,22.335,25.489,11.641,0.017,36.085,0.0,131100.0,0.003,0.0006407,3.203e-05,1.329,21.779,40.176,0.408,43.643,0.44,41.216,21.779
F2L2_n45_deep_d512b2s2_char_initrandom_L2_sess_ep40_s2024_d6b3e1,16,0.55,0.052,20.904,23.977,10.913,0.017,35.045,0.0,147700.0,0.003,0.0006197,3.098e-05,1.319,21.779,39.499,0.402,43.342,0.436,40.652,21.779
F2L2_n45_deep_d512b2s2_char_initrandom_L2_sess_ep40_s2024_d6b3e1,17,0.563,0.052,19.523,22.61,10.225,0.017,34.965,0.0,262100.0,0.003,0.0006006,3.003e-05,1.349,21.779,40.674,0.394,44.003,0.429,41.672,21.779
F2L2_n45_deep_d512b2s2_char_initrandom_L2_sess_ep40_s2024_d6b3e1,18,0.559,0.052,18.509,21.568,9.714,0.017,34.751,0.0,262100.0,0.003,0.0005832,2.916e-05,1.34,21.779,39.359,0.388,42.91,0.424,40.424,21.779
F2L2_n45_deep_d512b2s2_char_initrandom_L2_sess_ep40_s2024_d6b3e1,19,0.551,0.052,17.086,20.085,8.993,0.017,33.671,0.0,262100.0,0.003,0.0005672,2.836e-05,1.327,21.779,40.812,0.382,44.041,0.417,41.781,21.779
F2L2_n45_deep_d512b2s2_char_initrandom_L2_sess_ep40_s2024_d6b3e1,20,0.556,0.052,15.963,18.875,8.418,0.017,33.297,0.0,262100.0,0.003,0.0005525,2.762e-05,1.33,21.779,41.633,0.384,44.852,0.418,42.599,21.779
F2L2_n45_deep_d512b2s2_char_initrandom_L2_sess_ep40_s2024_d6b3e1,21,0.558,0.052,15.244,18.179,8.062,0.017,33.798,0.0,262100.0,0.003,0.0005388,2.694e-05,1.338,21.779,42.147,0.379,45.432,0.415,43.133,21.779
F2L2_n45_deep_d512b2s2_char_initrandom_L2_sess_ep40_s2024_d6b3e1,22,0.55,0.052,14.288,17.135,7.571,0.017,33.152,0.0,262100.0,0.003,0.0005261,2.631e-05,1.324,21.779,42.667,0.376,45.577,0.409,43.54,21.779
F2L2_n45_deep_d512b2s2_char_initrandom_L2_sess_ep40_s2024_d6b3e1,23,0.553,0.052,13.547,16.355,7.195,0.017,33.183,0.0,262100.0,0.003,0.0005143,2.572e-05,1.327,21.779,42.321,0.371,45.447,0.406,43.258,21.779
F2L2_n45_deep_d512b2s2_char_initrandom_L2_sess_ep40_s2024_d6b3e1,24,0.548,0.052,12.708,15.483,6.77,0.017,32.703,0.0,312100.0,0.003,0.0005032,2.516e-05,1.314,21.779,43.69,0.373,46.681,0.408,44.587,21.779
F2L2_n45_deep_d512b2s2_char_initrandom_L2_sess_ep40_s2024_d6b3e1,25,0.553,0.052,12.036,14.692,6.416,0.017,31.797,0.0,524300.0,0.003,0.0004929,2.464e-05,1.331,21.779,44.187,0.369,47.481,0.407,45.175,21.779
F2L2_n45_deep_d512b2s2_char_initrandom_L2_sess_ep40_s2024_d6b3e1,26,0.557,0.052,11.341,14.041,6.076,0.017,31.54,0.0,524300.0,0.003,0.0004831,2.416e-05,1.338,21.779,44.665,0.363,47.451,0.396,45.501,21.779
F2L2_n45_deep_d512b2s2_char_initrandom_L2_sess_ep40_s2024_d6b3e1,27,0.548,0.052,10.9,13.516,5.842,0.017,31.111,0.0,524300.0,0.003,0.0004739,2.37e-05,1.32,21.779,45.367,0.365,47.924,0.399,46.134,21.779
F2L2_n45_deep_d512b2s2_char_initrandom_L2_sess_ep40_s2024_d6b3e1,28,0.547,0.052,10.429,12.968,5.595,0.017,30.86,0.0,524300.0,0.003,0.0004652,2.326e-05,1.316,21.779,46.53,0.368,48.774,0.403,47.203,21.779
F2L2_n45_deep_d512b2s2_char_initrandom_L2_sess_ep40_s2024_d6b3e1,29,0.559,0.052,9.966,12.453,5.356,0.017,30.611,0.0,524300.0,0.003,0.000457,2.285e-05,1.34,21.779,47.846,0.362,49.847,0.402,48.446,21.779
F2L2_n45_deep_d512b2s2_char_initrandom_L2_sess_ep40_s2024_d6b3e1,30,0.557,0.053,9.396,11.836,5.064,0.017,30.107,0.0,524300.0,0.003,0.0004492,2.246e-05,1.336,21.779,49.126,0.364,50.988,0.394,49.684,21.779
F2L2_n45_deep_d512b2s2_char_initrandom_L2_sess_ep40_s2024_d6b3e1,31,0.547,0.052,9.143,11.554,4.933,0.017,30.06,0.0,524300.0,0.003,0.0004417,2.209e-05,1.316,21.779,48.841,0.362,50.763,0.393,49.418,21.779
F2L2_n45_deep_d512b2s2_char_initrandom_L2_sess_ep40_s2024_d6b3e1,32,0.555,0.052,8.642,10.992,4.674,0.017,29.836,0.0,657400.0,0.003,0.0004347,2.173e-05,1.334,21.779,49.316,0.356,51.388,0.393,49.938,21.779
F2L2_n45_deep_d512b2s2_char_initrandom_L2_sess_ep40_s2024_d6b3e1,33,0.556,0.052,8.407,10.693,4.547,0.017,29.45,0.0,1049000.0,0.003,0.0004279,2.14e-05,1.333,21.779,49.712,0.359,51.589,0.395,50.275,21.779
F2L2_n45_deep_d512b2s2_char_initrandom_L2_sess_ep40_s2024_d6b3e1,34,0.558,0.052,8.056,10.365,4.374,0.017,29.555,0.0,1049000.0,0.003,0.0004215,2.107e-05,1.341,21.779,50.682,0.356,52.24,0.391,51.149,21.779
F2L2_n45_deep_d512b2s2_char_initrandom_L2_sess_ep40_s2024_d6b3e1,35,0.559,0.053,7.7,9.936,4.185,0.017,28.829,0.0,1049000.0,0.003,0.0004153,2.077e-05,1.341,21.779,50.588,0.358,52.566,0.392,51.181,21.779
F2L2_n45_deep_d512b2s2_char_initrandom_L2_sess_ep40_s2024_d6b3e1,36,0.557,0.052,7.596,9.724,4.117,0.018,28.965,0.0,1049000.0,0.003,0.0004095,2.047e-05,1.338,21.779,52.398,0.359,53.756,0.392,52.805,21.779
F2L2_n45_deep_d512b2s2_char_initrandom_L2_sess_ep40_s2024_d6b3e1,37,0.553,0.052,7.472,9.5,4.04,0.017,28.652,0.0,1049000.0,0.003,0.0004038,2.019e-05,1.326,21.779,52.77,0.356,53.682,0.391,53.043,21.779
F2L2_n45_deep_d512b2s2_char_initrandom_L2_sess_ep40_s2024_d6b3e1,38,0.566,0.053,6.963,9.001,3.787,0.018,28.185,0.0,1049000.0,0.003,0.0003984,1.992e-05,1.357,21.779,52.338,0.354,53.784,0.388,52.772,21.779
F2L2_n45_deep_d512b2s2_char_initrandom_L2_sess_ep40_s2024_d6b3e1,39,0.557,0.052,6.854,8.819,3.722,0.018,28.122,0.0,1049000.0,0.003,0.0003932,1.966e-05,1.337,21.779,53.341,0.353,54.429,0.388,53.667,21.779
F2L2_n45_deep_d512b2s2_char_initrandom_L2_sess_ep40_s2024_d6b3e1,40,0.554,0.052,6.74,8.719,3.667,0.017,27.814,0.0,1381000.0,0.003,0.0003882,1.941e-05,1.331,21.779,54.903,0.358,55.814,0.391,55.176,21.779
