exp_tag,epoch,train_iter_time,train_forward_time,train_loss_ctc,train_loss_interctc_layer2,train_loss,train_backward_time,train_grad_norm,train_clip,train_loss_scale,train_optim_step_time,train_optim0_lr0,train_optim0_lr1,train_train_time,train_gpu_max_cached_mem_GB,valid_loss_ctc,valid_cer_ctc,valid_loss_interctc_layer2,valid_cer_interctc_layer2,valid_loss,valid_gpu_max_cached_mem_GB
B2bpe256_n45_deep_d512b2s2_bpe256_initrandom_sess_ep40_s2024_26571e,1,0.527,0.132,245.06,240.35,121.823,0.052,1125.0,20.635,65540.0,0.006,8.5e-05,4.25e-06,1.589,21.779,75.125,1.0,75.156,1.0,75.134,21.779
B2bpe256_n45_deep_d512b2s2_bpe256_initrandom_sess_ep40_s2024_26571e,2,0.515,0.132,63.166,63.124,31.577,0.052,42.541,4.365,65540.0,0.006,0.000253,1.265e-05,1.566,21.779,68.617,0.932,68.735,0.934,68.652,21.779
B2bpe256_n45_deep_d512b2s2_bpe256_initrandom_sess_ep40_s2024_26571e,3,0.516,0.132,55.807,56.014,27.934,0.053,49.504,7.143,65540.0,0.006,0.000421,2.105e-05,1.576,21.779,61.461,1.0,62.316,1.0,61.717,21.779
B2bpe256_n45_deep_d512b2s2_bpe256_initrandom_sess_ep40_s2024_26571e,4,0.532,0.132,47.109,47.745,23.65,0.053,45.099,3.571,65540.0,0.006,0.000589,2.945e-05,1.605,21.779,51.194,0.998,52.181,0.997,51.49,21.779
B2bpe256_n45_deep_d512b2s2_bpe256_initrandom_sess_ep40_s2024_26571e,5,0.533,0.132,41.041,42.059,20.673,0.053,44.488,0.0,65540.0,0.006,0.000757,3.785e-05,1.609,21.779,47.103,0.971,48.928,0.971,47.65,21.779
B2bpe256_n45_deep_d512b2s2_bpe256_initrandom_sess_ep40_s2024_26571e,6,0.536,0.131,36.134,37.707,18.303,0.053,40.183,0.397,65540.0,0.006,0.0009246,4.623e-05,1.613,21.779,41.346,0.551,43.512,0.599,41.995,21.779
B2bpe256_n45_deep_d512b2s2_bpe256_initrandom_sess_ep40_s2024_26571e,7,0.535,0.132,30.726,32.877,15.686,0.051,36.518,0.0,65540.0,0.006,0.0009572,4.786e-05,1.6,21.779,36.462,0.491,39.433,0.527,37.354,21.779
B2bpe256_n45_deep_d512b2s2_bpe256_initrandom_sess_ep40_s2024_26571e,8,0.53,0.132,26.575,29.159,13.675,0.054,33.444,0.0,69700.0,0.006,0.000891,4.455e-05,1.609,21.779,35.421,0.461,38.288,0.491,36.281,21.779
B2bpe256_n45_deep_d512b2s2_bpe256_initrandom_sess_ep40_s2024_26571e,9,0.53,0.132,23.681,26.602,12.279,0.052,34.431,0.0,131100.0,0.006,0.0008369,4.184e-05,1.596,21.779,33.707,0.435,36.917,0.463,34.67,21.779
B2bpe256_n45_deep_d512b2s2_bpe256_initrandom_sess_ep40_s2024_26571e,10,0.534,0.132,21.579,24.765,11.267,0.054,32.949,0.0,131100.0,0.006,0.0007916,3.958e-05,1.617,21.779,32.1,0.394,35.534,0.433,33.13,21.779
B2bpe256_n45_deep_d512b2s2_bpe256_initrandom_sess_ep40_s2024_26571e,11,0.54,0.132,19.84,23.316,10.441,0.053,33.835,0.0,131100.0,0.006,0.0007529,3.765e-05,1.626,21.779,31.994,0.391,35.651,0.435,33.091,21.779
B2bpe256_n45_deep_d512b2s2_bpe256_initrandom_sess_ep40_s2024_26571e,12,0.529,0.132,18.22,21.914,9.664,0.053,32.832,0.0,131100.0,0.006,0.0007194,3.597e-05,1.603,21.779,30.997,0.374,34.945,0.42,32.182,21.779
B2bpe256_n45_deep_d512b2s2_bpe256_initrandom_sess_ep40_s2024_26571e,13,0.532,0.132,16.765,20.645,8.964,0.053,33.825,0.0,131100.0,0.006,0.00069,3.45e-05,1.61,21.779,29.822,0.349,33.355,0.409,30.882,21.779
B2bpe256_n45_deep_d512b2s2_bpe256_initrandom_sess_ep40_s2024_26571e,14,0.538,0.131,15.526,19.535,8.364,0.054,33.862,0.0,131100.0,0.006,0.000664,3.32e-05,1.622,21.779,29.223,0.333,33.212,0.393,30.42,21.779
B2bpe256_n45_deep_d512b2s2_bpe256_initrandom_sess_ep40_s2024_26571e,15,0.533,0.132,14.519,18.658,7.88,0.053,33.748,0.0,131100.0,0.006,0.0006407,3.203e-05,1.61,21.779,29.251,0.318,33.325,0.39,30.473,21.779
B2bpe256_n45_deep_d512b2s2_bpe256_initrandom_sess_ep40_s2024_26571e,16,0.535,0.132,13.501,17.745,7.387,0.052,33.857,0.0,147700.0,0.006,0.0006197,3.098e-05,1.608,21.779,29.27,0.313,33.639,0.388,30.581,21.779
B2bpe256_n45_deep_d512b2s2_bpe256_initrandom_sess_ep40_s2024_26571e,17,0.535,0.132,12.445,16.782,6.873,0.054,33.848,0.0,262100.0,0.006,0.0006006,3.003e-05,1.617,21.779,28.542,0.307,32.818,0.378,29.825,21.779
B2bpe256_n45_deep_d512b2s2_bpe256_initrandom_sess_ep40_s2024_26571e,18,0.537,0.132,11.694,16.13,6.512,0.053,34.139,0.0,262100.0,0.006,0.0005832,2.916e-05,1.618,21.779,28.655,0.297,32.517,0.367,29.814,21.779
B2bpe256_n45_deep_d512b2s2_bpe256_initrandom_sess_ep40_s2024_26571e,19,0.532,0.131,10.853,15.301,6.094,0.054,32.765,0.0,262100.0,0.006,0.0005672,2.836e-05,1.612,21.779,28.35,0.29,32.395,0.361,29.563,21.779
B2bpe256_n45_deep_d512b2s2_bpe256_initrandom_sess_ep40_s2024_26571e,20,0.536,0.132,10.255,14.781,5.806,0.052,33.387,0.0,262100.0,0.006,0.0005525,2.762e-05,1.606,21.779,28.995,0.28,32.81,0.352,30.14,21.779
B2bpe256_n45_deep_d512b2s2_bpe256_initrandom_sess_ep40_s2024_26571e,21,0.53,0.131,9.636,14.144,5.494,0.053,33.315,0.0,262100.0,0.006,0.0005388,2.694e-05,1.601,21.779,28.776,0.279,32.929,0.348,30.022,21.779
B2bpe256_n45_deep_d512b2s2_bpe256_initrandom_sess_ep40_s2024_26571e,22,0.53,0.132,9.084,13.51,5.206,0.054,33.365,0.0,262100.0,0.006,0.0005261,2.631e-05,1.61,21.779,29.107,0.271,32.78,0.342,30.209,21.779
B2bpe256_n45_deep_d512b2s2_bpe256_initrandom_sess_ep40_s2024_26571e,23,0.536,0.132,8.569,13.086,4.962,0.053,33.483,0.0,262100.0,0.006,0.0005143,2.572e-05,1.616,21.779,29.043,0.272,33.007,0.341,30.232,21.779
B2bpe256_n45_deep_d512b2s2_bpe256_initrandom_sess_ep40_s2024_26571e,24,0.534,0.133,8.086,12.524,4.709,0.052,32.784,0.0,312100.0,0.006,0.0005032,2.516e-05,1.605,21.779,29.301,0.273,33.102,0.34,30.441,21.779
B2bpe256_n45_deep_d512b2s2_bpe256_initrandom_sess_ep40_s2024_26571e,25,0.53,0.132,7.629,12.066,4.48,0.054,32.975,0.0,524300.0,0.006,0.0004929,2.464e-05,1.612,21.779,30.247,0.271,33.754,0.343,31.299,21.779
B2bpe256_n45_deep_d512b2s2_bpe256_initrandom_sess_ep40_s2024_26571e,26,0.534,0.131,7.085,11.501,4.205,0.053,32.052,0.0,524300.0,0.006,0.0004831,2.416e-05,1.613,21.779,30.545,0.266,33.846,0.334,31.535,21.779
B2bpe256_n45_deep_d512b2s2_bpe256_initrandom_sess_ep40_s2024_26571e,27,0.537,0.132,6.871,11.224,4.089,0.054,32.183,0.0,524300.0,0.006,0.0004739,2.37e-05,1.623,21.779,30.42,0.262,33.656,0.333,31.391,21.779
B2bpe256_n45_deep_d512b2s2_bpe256_initrandom_sess_ep40_s2024_26571e,28,0.535,0.133,6.361,10.605,3.817,0.053,31.462,0.0,524300.0,0.006,0.0004652,2.326e-05,1.615,21.779,30.131,0.255,33.558,0.32,31.159,21.779
B2bpe256_n45_deep_d512b2s2_bpe256_initrandom_sess_ep40_s2024_26571e,29,0.532,0.132,6.038,10.243,3.65,0.053,31.013,0.0,524300.0,0.006,0.000457,2.285e-05,1.605,21.779,30.171,0.259,33.396,0.327,31.139,21.779
B2bpe256_n45_deep_d512b2s2_bpe256_initrandom_sess_ep40_s2024_26571e,30,0.532,0.133,5.905,10.052,3.574,0.053,31.503,0.0,524300.0,0.006,0.0004492,2.246e-05,1.608,21.779,30.709,0.256,34.085,0.322,31.722,21.779
B2bpe256_n45_deep_d512b2s2_bpe256_initrandom_sess_ep40_s2024_26571e,31,0.532,0.132,5.452,9.568,3.344,0.053,30.872,0.0,524300.0,0.006,0.0004417,2.209e-05,1.607,21.779,31.177,0.256,34.334,0.318,32.125,21.779
B2bpe256_n45_deep_d512b2s2_bpe256_initrandom_sess_ep40_s2024_26571e,32,0.547,0.132,5.268,9.311,3.24,0.054,31.191,0.0,657400.0,0.006,0.0004347,2.173e-05,1.642,21.779,31.218,0.254,34.465,0.32,32.192,21.779
B2bpe256_n45_deep_d512b2s2_bpe256_initrandom_sess_ep40_s2024_26571e,33,0.527,0.132,5.059,9.028,3.125,0.052,30.857,0.0,1049000.0,0.006,0.0004279,2.14e-05,1.594,21.779,31.812,0.252,34.508,0.314,32.621,21.779
B2bpe256_n45_deep_d512b2s2_bpe256_initrandom_sess_ep40_s2024_26571e,34,0.515,0.132,4.877,8.707,3.013,0.053,30.393,0.0,1049000.0,0.006,0.0004215,2.107e-05,1.579,21.779,31.818,0.252,35.046,0.316,32.786,21.779
B2bpe256_n45_deep_d512b2s2_bpe256_initrandom_sess_ep40_s2024_26571e,35,0.514,0.132,4.611,8.389,2.872,0.052,29.644,0.0,1049000.0,0.006,0.0004153,2.077e-05,1.569,21.779,32.773,0.255,35.341,0.315,33.543,21.779
B2bpe256_n45_deep_d512b2s2_bpe256_initrandom_sess_ep40_s2024_26571e,36,0.525,0.132,4.477,8.124,2.786,0.053,29.441,0.0,1049000.0,0.006,0.0004095,2.047e-05,1.596,21.779,32.74,0.252,35.469,0.316,33.559,21.779
B2bpe256_n45_deep_d512b2s2_bpe256_initrandom_sess_ep40_s2024_26571e,37,0.519,0.132,4.269,7.903,2.68,0.052,29.061,0.0,1049000.0,0.006,0.0004038,2.019e-05,1.577,21.779,32.706,0.245,35.273,0.305,33.476,21.779
B2bpe256_n45_deep_d512b2s2_bpe256_initrandom_sess_ep40_s2024_26571e,38,0.516,0.131,4.103,7.611,2.578,0.053,28.71,0.0,1049000.0,0.006,0.0003984,1.992e-05,1.579,21.779,32.48,0.246,35.166,0.302,33.286,21.779
B2bpe256_n45_deep_d512b2s2_bpe256_initrandom_sess_ep40_s2024_26571e,39,0.514,0.132,4.042,7.504,2.54,0.053,29.216,0.0,1049000.0,0.006,0.0003932,1.966e-05,1.571,21.779,33.027,0.246,35.436,0.306,33.75,21.779
B2bpe256_n45_deep_d512b2s2_bpe256_initrandom_sess_ep40_s2024_26571e,40,0.519,0.131,3.973,7.401,2.501,0.053,29.217,0.0,1381000.0,0.006,0.0003882,1.941e-05,1.583,21.779,33.451,0.245,35.908,0.306,34.188,21.779
